order,customer,employee,date order,date required,via ship,freight,name ship,adress ship,city ship,region ship,postal code ship,cod product,price unit,quantity,discout
10249,TOMSP,6,1996-07-05,1996-08-16,1,11.61,Toms Spezialitäten,Luisenstr. 48,Münster,nan,44087,14,18,9,0
10250,HANAR,4,1996-07-08,1996-08-05,2,65.83,Hanari Carnes,"Rua do Paço, 67",Rio de Janeiro,RJ,05454-876,41,7,10,0
10251,VICTE,3,1996-07-08,1996-08-05,1,41.34,Victuailles en stock,"2, rue du Commerce",Lyon,nan,69004,22,16,6,0
10252,SUPRD,4,1996-07-09,1996-08-06,2,51.3,Suprêmes délices,"Boulevard Tirou, 255",Charleroi,nan,B-6000,20,64,40,0
10253,HANAR,3,1996-07-10,1996-07-24,2,58.17,Hanari Carnes,"Rua do Paço, 67",Rio de Janeiro,RJ,05454-876,31,10,20,0
10254,CHOPS,5,1996-07-11,1996-08-08,2,22.98,Chop-suey Chinese,Hauptstr. 31,Bern,nan,3012,24,3,15,0
10255,RICSU,9,1996-07-12,1996-08-09,3,148.33,Richter Supermarkt,Starenweg 5,Genève,nan,1204,2,15,20,0
10256,WELLI,3,1996-07-15,1996-08-12,2,13.97,Wellington Importadora,"Rua do Mercado, 12",Resende,SP,08737-363,53,26,15,0
10257,HILAA,4,1996-07-16,1996-08-13,3,81.91,HILARION-Abastos,Carrera 22 con Ave. Carlos Soublette #8-35,San Cristóbal,Táchira,5022,27,35,25,0
10258,ERNSH,1,1996-07-17,1996-08-14,1,140.51,Ernst Handel,Kirchgasse 6,Graz,nan,8010,2,15,50,0
10259,CENTC,4,1996-07-18,1996-08-15,3,3.25,Centro comercial Moctezuma,Sierras de Granada 9993,México D.F.,nan,05022,21,8,10,0
10260,OTTIK,4,1996-07-19,1996-08-16,1,55.09,Ottilies Käseladen,Mehrheimerstr. 369,Köln,nan,50739,41,7,16,0
10261,QUEDE,4,1996-07-19,1996-08-16,2,3.05,Que Delícia,"Rua da Panificadora, 12",Rio de Janeiro,RJ,02389-673,21,8,20,0
10262,RATTC,8,1996-07-22,1996-08-19,3,48.29,Rattlesnake Canyon Grocery,2817 Milton Dr.,Albuquerque,NM,87110,5,17,12,0
10263,ERNSH,9,1996-07-23,1996-08-20,3,146.06,Ernst Handel,Kirchgasse 6,Graz,nan,8010,16,13,60,0
10264,FOLKO,6,1996-07-24,1996-08-21,3,3.67,Folk och fä HB,Åkergatan 24,Bräcke,nan,S-844 67,2,15,35,0
10265,BLONP,2,1996-07-25,1996-08-22,1,55.28,Blondel père et fils,"24, place Kléber",Strasbourg,nan,67000,17,31,30,0
10266,WARTH,3,1996-07-26,1996-09-06,3,25.73,Wartian Herkku,Torikatu 38,Oulu,nan,90110,12,30,12,0
10267,FRANK,4,1996-07-29,1996-08-26,1,208.58,Frankenversand,Berliner Platz 43,München,nan,80805,40,14,50,0
10268,GROSR,8,1996-07-30,1996-08-27,3,66.29,GROSELLA-Restaurante,5ª Ave. Los Palos Grandes,Caracas,DF,1081,29,99,10,0
10269,WHITC,5,1996-07-31,1996-08-14,1,4.56,White Clover Markets,1029 - 12th Ave. S.,Seattle,WA,98124,33,2,60,0
10270,WARTH,1,1996-08-01,1996-08-29,1,136.54,Wartian Herkku,Torikatu 38,Oulu,nan,90110,36,15,30,0
10271,SPLIR,6,1996-08-01,1996-08-29,2,4.54,Split Rail Beer & Ale,P.O. Box 555,Lander,WY,82520,33,2,24,0
10272,RATTC,6,1996-08-02,1996-08-30,2,98.03,Rattlesnake Canyon Grocery,2817 Milton Dr.,Albuquerque,NM,87110,20,64,6,0
10273,QUICK,3,1996-08-05,1996-09-02,3,76.07,QUICK-Stop,Taucherstraße 10,Cunewalde,nan,01307,10,24,24,0
10275,MAGAA,1,1996-08-07,1996-09-04,1,26.93,Magazzini Alimentari Riuniti,Via Ludovico il Moro 22,Bergamo,nan,24100,24,3,12,0
10276,TORTU,8,1996-08-08,1996-08-22,3,13.84,Tortuga Restaurante,Avda. Azteca 123,México D.F.,nan,05033,10,24,15,0
10277,MORGK,2,1996-08-09,1996-09-06,3,125.77,Morgenstern Gesundkost,Heerstr. 22,Leipzig,nan,04179,28,36,20,0
10278,BERGS,8,1996-08-12,1996-09-09,2,92.69,Berglunds snabbköp,Berguvsvägen  8,Luleå,nan,S-958 22,44,15,16,0
10279,LEHMS,8,1996-08-13,1996-09-10,2,25.83,Lehmanns Marktstand,Magazinweg 7,Frankfurt a.M.,nan,60528,17,31,15,0
10280,BERGS,2,1996-08-14,1996-09-11,1,8.98,Berglunds snabbköp,Berguvsvägen  8,Luleå,nan,S-958 22,24,3,12,0
10281,ROMEY,4,1996-08-14,1996-08-28,1,2.94,Romero y tomillo,"Gran Vía, 1",Madrid,nan,28001,19,7,1,0
10282,ROMEY,4,1996-08-15,1996-09-12,1,12.69,Romero y tomillo,"Gran Vía, 1",Madrid,nan,28001,30,20,6,0
10283,LILAS,3,1996-08-16,1996-09-13,3,84.81,LILA-Supermercado,Carrera 52 con Ave. Bolívar #65-98 Llano Largo,Barquisimeto,Lara,3508,15,12,20,0
10284,LEHMS,4,1996-08-19,1996-09-16,1,76.56,Lehmanns Marktstand,Magazinweg 7,Frankfurt a.M.,nan,60528,27,35,15,0
10285,QUICK,1,1996-08-20,1996-09-17,2,76.83,QUICK-Stop,Taucherstraße 10,Cunewalde,nan,01307,1,14,45,0
10286,QUICK,8,1996-08-21,1996-09-18,3,229.24,QUICK-Stop,Taucherstraße 10,Cunewalde,nan,01307,35,14,100,0
10287,RICAR,8,1996-08-22,1996-09-19,3,12.76,Ricardo Adocicados,"Av. Copacabana, 267",Rio de Janeiro,RJ,02389-890,16,13,40,0
10288,REGGC,4,1996-08-23,1996-09-20,1,7.45,Reggiani Caseifici,Strada Provinciale 124,Reggio Emilia,nan,42100,54,5,10,0
10290,COMMI,8,1996-08-27,1996-09-24,1,79.7,Comércio Mineiro,"Av. dos Lusíadas, 23",Sao Paulo,SP,05432-043,5,17,20,0
10291,QUEDE,6,1996-08-27,1996-09-24,2,6.4,Que Delícia,"Rua da Panificadora, 12",Rio de Janeiro,RJ,02389-673,13,4,20,0
10292,TRADH,1,1996-08-28,1996-09-25,2,1.35,Tradiçao Hipermercados,"Av. Inês de Castro, 414",Sao Paulo,SP,05634-030,20,64,20,0
10293,TORTU,1,1996-08-29,1996-09-26,3,21.18,Tortuga Restaurante,Avda. Azteca 123,México D.F.,nan,05033,18,50,12,0
10294,RATTC,4,1996-08-30,1996-09-27,2,147.26,Rattlesnake Canyon Grocery,2817 Milton Dr.,Albuquerque,NM,87110,1,14,18,0
10296,LILAS,6,1996-09-03,1996-10-01,1,0.12,LILA-Supermercado,Carrera 52 con Ave. Bolívar #65-98 Llano Largo,Barquisimeto,Lara,3508,11,16,12,0
10297,BLONP,5,1996-09-04,1996-10-16,2,5.74,Blondel père et fils,"24, place Kléber",Strasbourg,nan,67000,39,14,60,0
10298,HUNGO,6,1996-09-05,1996-10-03,2,168.22,Hungry Owl All-Night Grocers,8 Johnstown Road,Cork,Co. Cork,nan,2,15,40,0
10299,RICAR,4,1996-09-06,1996-10-04,2,29.76,Ricardo Adocicados,"Av. Copacabana, 267",Rio de Janeiro,RJ,02389-890,19,7,15,0
10300,MAGAA,2,1996-09-09,1996-10-07,2,17.68,Magazzini Alimentari Riuniti,Via Ludovico il Moro 22,Bergamo,nan,24100,66,13,30,0
10301,WANDK,8,1996-09-09,1996-10-07,2,45.08,Die Wandernde Kuh,Adenauerallee 900,Stuttgart,nan,70563,40,14,10,0
10302,SUPRD,4,1996-09-10,1996-10-08,2,6.27,Suprêmes délices,"Boulevard Tirou, 255",Charleroi,nan,B-6000,17,31,40,0
10303,GODOS,7,1996-09-11,1996-10-09,2,107.83,Godos Cocina Típica,"C/ Romero, 33",Sevilla,nan,41101,40,14,40,0
10304,TORTU,1,1996-09-12,1996-10-10,2,63.79,Tortuga Restaurante,Avda. Azteca 123,México D.F.,nan,05033,49,16,30,0
10305,OLDWO,8,1996-09-13,1996-10-11,3,257.62,Old World Delicatessen,2743 Bering St.,Anchorage,AK,99508,18,50,25,0
10306,ROMEY,1,1996-09-16,1996-10-14,3,7.56,Romero y tomillo,"Gran Vía, 1",Madrid,nan,28001,30,20,10,0
10307,LONEP,2,1996-09-17,1996-10-15,2,0.56,Lonesome Pine Restaurant,89 Chiaroscuro Rd.,Portland,OR,97219,62,39,10,0
10308,ANATR,7,1996-09-18,1996-10-16,3,1.61,Ana Trujillo Emparedados y helados,Avda. de la Constitución 2222,México D.F.,nan,05021,69,28,1,0
10309,HUNGO,3,1996-09-19,1996-10-17,1,47.3,Hungry Owl All-Night Grocers,8 Johnstown Road,Cork,Co. Cork,nan,4,17,20,0
10310,THEBI,8,1996-09-20,1996-10-18,2,17.52,The Big Cheese,89 Jefferson Way Suite 2,Portland,OR,97201,16,13,10,0
10311,DUMON,1,1996-09-20,1996-10-04,3,24.69,Du monde entier,"67, rue des Cinquante Otages",Nantes,nan,44000,42,11,6,0
10312,WANDK,2,1996-09-23,1996-10-21,2,40.26,Die Wandernde Kuh,Adenauerallee 900,Stuttgart,nan,70563,28,36,4,0
10313,QUICK,2,1996-09-24,1996-10-22,2,1.96,QUICK-Stop,Taucherstraße 10,Cunewalde,nan,01307,36,15,12,0
10314,RATTC,1,1996-09-25,1996-10-23,2,74.16,Rattlesnake Canyon Grocery,2817 Milton Dr.,Albuquerque,NM,87110,32,25,40,0
10315,ISLAT,4,1996-09-26,1996-10-24,2,41.76,Island Trading,Garden House Crowther Way,Cowes,Isle of Wight,PO31 7PJ,34,11,14,0
10316,RATTC,1,1996-09-27,1996-10-25,3,150.15,Rattlesnake Canyon Grocery,2817 Milton Dr.,Albuquerque,NM,87110,41,7,10,0
10317,LONEP,6,1996-09-30,1996-10-28,1,12.69,Lonesome Pine Restaurant,89 Chiaroscuro Rd.,Portland,OR,97219,1,14,20,0
10318,ISLAT,8,1996-10-01,1996-10-29,2,4.73,Island Trading,Garden House Crowther Way,Cowes,Isle of Wight,PO31 7PJ,41,7,20,0
10319,TORTU,7,1996-10-02,1996-10-30,3,64.5,Tortuga Restaurante,Avda. Azteca 123,México D.F.,nan,05033,17,31,8,0
10320,WARTH,5,1996-10-03,1996-10-17,3,34.57,Wartian Herkku,Torikatu 38,Oulu,nan,90110,71,17,30,0
10321,ISLAT,3,1996-10-03,1996-10-31,2,3.43,Island Trading,Garden House Crowther Way,Cowes,Isle of Wight,PO31 7PJ,35,14,10,0
10322,PERIC,7,1996-10-04,1996-11-01,3,0.4,Pericles Comidas clásicas,Calle Dr. Jorge Cash 321,México D.F.,nan,05033,52,5,20,0
10323,KOENE,4,1996-10-07,1996-11-04,1,4.88,Königlich Essen,Maubelstr. 90,Brandenburg,nan,14776,15,12,5,0
10324,SAVEA,9,1996-10-08,1996-11-05,1,214.27,Save-a-lot Markets,187 Suffolk Ln.,Boise,ID,83720,16,13,21,0
10325,KOENE,1,1996-10-09,1996-10-23,3,64.86,Königlich Essen,Maubelstr. 90,Brandenburg,nan,14776,6,20,6,0
10326,BOLID,4,1996-10-10,1996-11-07,2,77.92,Bólido Comidas preparadas,"C/ Araquil, 67",Madrid,nan,28023,4,17,24,0
10327,FOLKO,2,1996-10-11,1996-11-08,1,63.36,Folk och fä HB,Åkergatan 24,Bräcke,nan,S-844 67,2,15,25,0
10328,FURIB,4,1996-10-14,1996-11-11,3,87.03,Furia Bacalhau e Frutos do Mar,Jardim das rosas n. 32,Lisboa,nan,1675,59,44,9,0
10329,SPLIR,4,1996-10-15,1996-11-26,2,191.67,Split Rail Beer & Ale,P.O. Box 555,Lander,WY,82520,19,7,10,0
10330,LILAS,3,1996-10-16,1996-11-13,1,12.75,LILA-Supermercado,Carrera 52 con Ave. Bolívar #65-98 Llano Largo,Barquisimeto,Lara,3508,26,24,50,0
10332,MEREP,3,1996-10-17,1996-11-28,2,52.84,Mère Paillarde,43 rue St. Laurent,Montréal,Québec,H1J 1C3,18,50,40,0
10333,WARTH,5,1996-10-18,1996-11-15,3,0.59,Wartian Herkku,Torikatu 38,Oulu,nan,90110,14,18,10,0
10334,VICTE,8,1996-10-21,1996-11-18,2,8.56,Victuailles en stock,"2, rue du Commerce",Lyon,nan,69004,52,5,8,0
10335,HUNGO,7,1996-10-22,1996-11-19,2,42.11,Hungry Owl All-Night Grocers,8 Johnstown Road,Cork,Co. Cork,nan,2,15,7,0
10336,PRINI,7,1996-10-23,1996-11-20,2,15.51,Princesa Isabel Vinhos,Estrada da saúde n. 58,Lisboa,nan,1756,4,17,18,0
10337,FRANK,4,1996-10-24,1996-11-21,3,108.26,Frankenversand,Berliner Platz 43,München,nan,80805,23,7,40,0
10338,OLDWO,4,1996-10-25,1996-11-22,3,84.21,Old World Delicatessen,2743 Bering St.,Anchorage,AK,99508,17,31,20,0
10339,MEREP,2,1996-10-28,1996-11-25,2,15.66,Mère Paillarde,43 rue St. Laurent,Montréal,Québec,H1J 1C3,4,17,10,0
10341,SIMOB,7,1996-10-29,1996-11-26,3,26.78,Simons bistro,Vinbæltet 34,Kobenhavn,nan,1734,33,2,8,0
10342,FRANK,4,1996-10-30,1996-11-13,2,54.83,Frankenversand,Berliner Platz 43,München,nan,80805,2,15,24,0
10343,LEHMS,4,1996-10-31,1996-11-28,1,110.37,Lehmanns Marktstand,Magazinweg 7,Frankfurt a.M.,nan,60528,64,26,50,0
10344,WHITC,4,1996-11-01,1996-11-29,2,23.29,White Clover Markets,1029 - 12th Ave. S.,Seattle,WA,98124,4,17,35,0
10345,QUICK,2,1996-11-04,1996-12-02,2,249.06,QUICK-Stop,Taucherstraße 10,Cunewalde,nan,01307,8,32,70,0
10346,RATTC,3,1996-11-05,1996-12-17,3,142.08,Rattlesnake Canyon Grocery,2817 Milton Dr.,Albuquerque,NM,87110,17,31,36,0
10347,FAMIA,4,1996-11-06,1996-12-04,3,3.1,Familia Arquibaldo,"Rua Orós, 92",Sao Paulo,SP,05442-030,25,11,10,0
10348,WANDK,4,1996-11-07,1996-12-05,2,0.78,Die Wandernde Kuh,Adenauerallee 900,Stuttgart,nan,70563,1,14,15,0
10349,SPLIR,7,1996-11-08,1996-12-06,1,8.63,Split Rail Beer & Ale,P.O. Box 555,Lander,WY,82520,54,5,24,0
10351,ERNSH,1,1996-11-11,1996-12-09,1,162.33,Ernst Handel,Kirchgasse 6,Graz,nan,8010,38,210,20,0
10352,FURIB,3,1996-11-12,1996-11-26,3,1.3,Furia Bacalhau e Frutos do Mar,Jardim das rosas n. 32,Lisboa,nan,1675,24,3,10,0
10353,PICCO,7,1996-11-13,1996-12-11,3,360.63,Piccolo und mehr,Geislweg 14,Salzburg,nan,5020,11,16,12,0
10354,PERIC,8,1996-11-14,1996-12-12,3,53.8,Pericles Comidas clásicas,Calle Dr. Jorge Cash 321,México D.F.,nan,05033,1,14,12,0
10355,AROUT,6,1996-11-15,1996-12-13,1,41.95,Around the Horn,Brook Farm Stratford St. Mary,Colchester,Essex,CO7 6JX,24,3,25,0
10356,WANDK,6,1996-11-18,1996-12-16,2,36.71,Die Wandernde Kuh,Adenauerallee 900,Stuttgart,nan,70563,31,10,30,0
10357,LILAS,1,1996-11-19,1996-12-17,3,34.88,LILA-Supermercado,Carrera 52 con Ave. Bolívar #65-98 Llano Largo,Barquisimeto,Lara,3508,10,24,30,0
10359,SEVES,5,1996-11-21,1996-12-19,3,288.43,Seven Seas Imports,90 Wadhurst Rd.,London,nan,OX15 4NB,16,13,56,0
10360,BLONP,4,1996-11-22,1996-12-20,3,131.7,Blondel père et fils,"24, place Kléber",Strasbourg,nan,67000,28,36,30,0
10361,QUICK,1,1996-11-22,1996-12-20,2,183.17,QUICK-Stop,Taucherstraße 10,Cunewalde,nan,01307,39,14,54,0
10363,DRACD,4,1996-11-26,1996-12-24,3,30.54,Drachenblut Delikatessen,Walserweg 21,Aachen,nan,52066,31,10,20,0
10364,EASTC,1,1996-11-26,1997-01-07,1,71.97,Eastern Connection,35 King George,London,nan,WX3 6FW,69,28,30,0
10365,ANTON,3,1996-11-27,1996-12-25,2,22.0,Antonio Moreno Taquería,Mataderos  2312,México D.F.,nan,05023,11,16,24,0
10366,GALED,8,1996-11-28,1997-01-09,2,10.14,Galería del gastronómo,"Rambla de Cataluña, 23",Barcelona,nan,8022,65,16,5,0
10367,VAFFE,7,1996-11-28,1996-12-26,3,13.55,Vaffeljernet,Smagsloget 45,Århus,nan,8200,34,11,36,0
10368,ERNSH,2,1996-11-29,1996-12-27,2,101.95,Ernst Handel,Kirchgasse 6,Graz,nan,8010,21,8,5,0
10369,SPLIR,8,1996-12-02,1996-12-30,2,195.68,Split Rail Beer & Ale,P.O. Box 555,Lander,WY,82520,29,99,20,0
10370,CHOPS,6,1996-12-03,1996-12-31,2,1.17,Chop-suey Chinese,Hauptstr. 31,Bern,nan,3012,1,14,15,0
10372,QUEEN,5,1996-12-04,1997-01-01,2,890.78,Queen Cozinha,"Alameda dos Canàrios, 891",Sao Paulo,SP,05487-020,20,64,12,0
10373,HUNGO,4,1996-12-05,1997-01-02,3,124.12,Hungry Owl All-Night Grocers,8 Johnstown Road,Cork,Co. Cork,nan,58,10,80,0
10374,WOLZA,1,1996-12-05,1997-01-02,3,3.94,Wolski Zajazd,ul. Filtrowa 68,Warszawa,nan,01-012,31,10,30,0
10375,HUNGC,3,1996-12-06,1997-01-03,2,20.12,Hungry Coyote Import Store,City Center Plaza 516 Main St.,Elgin,OR,97827,14,18,15,0
10376,MEREP,1,1996-12-09,1997-01-06,2,20.39,Mère Paillarde,43 rue St. Laurent,Montréal,Québec,H1J 1C3,31,10,42,0
10377,SEVES,1,1996-12-09,1997-01-06,3,22.21,Seven Seas Imports,90 Wadhurst Rd.,London,nan,OX15 4NB,28,36,20,0
10378,FOLKO,5,1996-12-10,1997-01-07,3,5.44,Folk och fä HB,Åkergatan 24,Bräcke,nan,S-844 67,71,17,6,0
10379,QUEDE,2,1996-12-11,1997-01-08,1,45.03,Que Delícia,"Rua da Panificadora, 12",Rio de Janeiro,RJ,02389-673,41,7,8,0
10380,HUNGO,8,1996-12-12,1997-01-09,3,35.03,Hungry Owl All-Night Grocers,8 Johnstown Road,Cork,Co. Cork,nan,30,20,18,0
10381,LILAS,3,1996-12-12,1997-01-09,3,7.99,LILA-Supermercado,Carrera 52 con Ave. Bolívar #65-98 Llano Largo,Barquisimeto,Lara,3508,74,8,14,0
10382,ERNSH,4,1996-12-13,1997-01-10,1,94.77,Ernst Handel,Kirchgasse 6,Graz,nan,8010,5,17,32,0
10383,AROUT,8,1996-12-16,1997-01-13,3,34.24,Around the Horn,Brook Farm Stratford St. Mary,Colchester,Essex,CO7 6JX,13,4,20,0
10384,BERGS,3,1996-12-16,1997-01-13,3,168.64,Berglunds snabbköp,Berguvsvägen  8,Luleå,nan,S-958 22,20,64,28,0
10385,SPLIR,1,1996-12-17,1997-01-14,2,30.96,Split Rail Beer & Ale,P.O. Box 555,Lander,WY,82520,7,24,10,0
10386,FAMIA,9,1996-12-18,1997-01-01,3,13.99,Familia Arquibaldo,"Rua Orós, 92",Sao Paulo,SP,05442-030,24,3,15,0
10387,SANTG,1,1996-12-18,1997-01-15,2,93.63,Santé Gourmet,Erling Skakkes gate 78,Stavern,nan,4110,24,3,15,0
10388,SEVES,2,1996-12-19,1997-01-16,1,34.86,Seven Seas Imports,90 Wadhurst Rd.,London,nan,OX15 4NB,45,7,15,0
10389,BOTTM,4,1996-12-20,1997-01-17,2,47.42,Bottom-Dollar Markets,23 Tsawassen Blvd.,Tsawassen,BC,T2F 8M4,10,24,16,0
10390,ERNSH,6,1996-12-23,1997-01-20,1,126.38,Ernst Handel,Kirchgasse 6,Graz,nan,8010,31,10,60,0
10391,DRACD,3,1996-12-23,1997-01-20,3,5.45,Drachenblut Delikatessen,Walserweg 21,Aachen,nan,52066,13,4,18,0
10392,PICCO,2,1996-12-24,1997-01-21,3,122.46,Piccolo und mehr,Geislweg 14,Salzburg,nan,5020,69,28,50,0
10393,SAVEA,1,1996-12-25,1997-01-22,3,126.56,Save-a-lot Markets,187 Suffolk Ln.,Boise,ID,83720,2,15,25,0
10394,HUNGC,1,1996-12-25,1997-01-22,3,30.34,Hungry Coyote Import Store,City Center Plaza 516 Main St.,Elgin,OR,97827,13,4,10,0
10395,HILAA,6,1996-12-26,1997-01-23,1,184.41,HILARION-Abastos,Carrera 22 con Ave. Carlos Soublette #8-35,San Cristóbal,Táchira,5022,46,9,28,0
10396,FRANK,1,1996-12-27,1997-01-10,3,135.35,Frankenversand,Berliner Platz 43,München,nan,80805,23,7,40,0
10397,PRINI,5,1996-12-27,1997-01-24,1,60.26,Princesa Isabel Vinhos,Estrada da saúde n. 58,Lisboa,nan,1756,21,8,10,0
10398,SAVEA,2,1996-12-30,1997-01-27,3,89.16,Save-a-lot Markets,187 Suffolk Ln.,Boise,ID,83720,35,14,30,0
10399,VAFFE,8,1996-12-31,1997-01-14,3,27.36,Vaffeljernet,Smagsloget 45,Århus,nan,8200,68,10,60,0
10400,EASTC,1,1997-01-01,1997-01-29,3,83.93,Eastern Connection,35 King George,London,nan,WX3 6FW,29,99,21,0
10401,RATTC,1,1997-01-01,1997-01-29,1,12.51,Rattlesnake Canyon Grocery,2817 Milton Dr.,Albuquerque,NM,87110,30,20,18,0
10402,ERNSH,8,1997-01-02,1997-02-13,2,67.88,Ernst Handel,Kirchgasse 6,Graz,nan,8010,23,7,60,0
10403,ERNSH,4,1997-01-03,1997-01-31,3,73.79,Ernst Handel,Kirchgasse 6,Graz,nan,8010,16,13,21,0
10404,MAGAA,2,1997-01-03,1997-01-31,1,155.97,Magazzini Alimentari Riuniti,Via Ludovico il Moro 22,Bergamo,nan,24100,26,24,30,0
10405,LINOD,1,1997-01-06,1997-02-03,1,34.82,LINO-Delicateses,Ave. 5 de Mayo Porlamar,I. de Margarita,Nueva Esparta,4980,3,8,50,0
10406,QUEEN,7,1997-01-07,1997-02-18,1,108.04,Queen Cozinha,"Alameda dos Canàrios, 891",Sao Paulo,SP,05487-020,1,14,10,0
10407,OTTIK,2,1997-01-07,1997-02-04,2,91.48,Ottilies Käseladen,Mehrheimerstr. 369,Köln,nan,50739,11,16,30,0
10408,FOLIG,8,1997-01-08,1997-02-05,1,11.26,Folies gourmandes,"184, chaussée de Tournai",Lille,nan,59000,37,20,10,0
10409,OCEAN,3,1997-01-09,1997-02-06,1,29.83,Océano Atlántico Ltda.,Ing. Gustavo Moncada 8585 Piso 20-A,Buenos Aires,nan,1010,14,18,12,0
10410,BOTTM,3,1997-01-10,1997-02-07,3,2.4,Bottom-Dollar Markets,23 Tsawassen Blvd.,Tsawassen,BC,T2F 8M4,33,2,49,0
10411,BOTTM,9,1997-01-10,1997-02-07,3,23.65,Bottom-Dollar Markets,23 Tsawassen Blvd.,Tsawassen,BC,T2F 8M4,41,7,25,0
10412,WARTH,8,1997-01-13,1997-02-10,2,3.77,Wartian Herkku,Torikatu 38,Oulu,nan,90110,14,18,20,0
10414,FAMIA,2,1997-01-14,1997-02-11,3,21.48,Familia Arquibaldo,"Rua Orós, 92",Sao Paulo,SP,05442-030,19,7,18,0
10415,HUNGC,3,1997-01-15,1997-02-12,1,0.2,Hungry Coyote Import Store,City Center Plaza 516 Main St.,Elgin,OR,97827,17,31,2,0
10416,WARTH,8,1997-01-16,1997-02-13,3,22.72,Wartian Herkku,Torikatu 38,Oulu,nan,90110,19,7,20,0
10417,SIMOB,4,1997-01-16,1997-02-13,3,70.29,Simons bistro,Vinbæltet 34,Kobenhavn,nan,1734,38,210,50,0
10418,QUICK,4,1997-01-17,1997-02-14,1,17.55,QUICK-Stop,Taucherstraße 10,Cunewalde,nan,01307,2,15,60,0
10419,RICSU,4,1997-01-20,1997-02-17,2,137.35,Richter Supermarkt,Starenweg 5,Genève,nan,1204,60,27,60,0
10420,WELLI,3,1997-01-21,1997-02-18,1,44.12,Wellington Importadora,"Rua do Mercado, 12",Resende,SP,08737-363,9,77,20,0
10421,QUEDE,8,1997-01-21,1997-03-04,1,99.23,Que Delícia,"Rua da Panificadora, 12",Rio de Janeiro,RJ,02389-673,19,7,4,0
10422,FRANS,2,1997-01-22,1997-02-19,1,3.02,Franchi S.p.A.,Via Monte Bianco 34,Torino,nan,10100,26,24,2,0
10423,GOURL,6,1997-01-23,1997-02-06,3,24.5,Gourmet Lanchonetes,"Av. Brasil, 442",Campinas,SP,04876-786,31,10,14,0
10424,MEREP,7,1997-01-23,1997-02-20,2,370.61,Mère Paillarde,43 rue St. Laurent,Montréal,Québec,H1J 1C3,35,14,60,0
10426,GALED,4,1997-01-27,1997-02-24,1,18.69,Galería del gastronómo,"Rambla de Cataluña, 23",Barcelona,nan,8022,56,30,5,0
10427,PICCO,4,1997-01-27,1997-02-24,2,31.29,Piccolo und mehr,Geislweg 14,Salzburg,nan,5020,14,18,35,0
10428,REGGC,7,1997-01-28,1997-02-25,1,11.09,Reggiani Caseifici,Strada Provinciale 124,Reggio Emilia,nan,42100,46,9,20,0
10429,HUNGO,3,1997-01-29,1997-03-12,2,56.63,Hungry Owl All-Night Grocers,8 Johnstown Road,Cork,Co. Cork,nan,50,13,40,0
10430,ERNSH,4,1997-01-30,1997-02-13,1,458.78,Ernst Handel,Kirchgasse 6,Graz,nan,8010,17,31,45,0
10431,BOTTM,4,1997-01-30,1997-02-13,2,44.17,Bottom-Dollar Markets,23 Tsawassen Blvd.,Tsawassen,BC,T2F 8M4,17,31,50,0
10432,SPLIR,3,1997-01-31,1997-02-14,2,4.34,Split Rail Beer & Ale,P.O. Box 555,Lander,WY,82520,26,24,10,0
10433,PRINI,3,1997-02-03,1997-03-03,3,73.83,Princesa Isabel Vinhos,Estrada da saúde n. 58,Lisboa,nan,1756,56,30,28,0
10434,FOLKO,3,1997-02-03,1997-03-03,2,17.92,Folk och fä HB,Åkergatan 24,Bräcke,nan,S-844 67,11,16,6,0
10435,CONSH,8,1997-02-04,1997-03-18,2,9.21,Consolidated Holdings,Berkeley Gardens 12  Brewery,London,nan,WX1 6LT,2,15,10,0
10436,BLONP,3,1997-02-05,1997-03-05,2,156.66,Blondel père et fils,"24, place Kléber",Strasbourg,nan,67000,46,9,5,0
10437,WARTH,8,1997-02-05,1997-03-05,1,19.97,Wartian Herkku,Torikatu 38,Oulu,nan,90110,53,26,15,0
10438,TOMSP,3,1997-02-06,1997-03-06,2,8.24,Toms Spezialitäten,Luisenstr. 48,Münster,nan,44087,19,7,15,0
10439,MEREP,6,1997-02-07,1997-03-07,3,4.07,Mère Paillarde,43 rue St. Laurent,Montréal,Québec,H1J 1C3,12,30,15,0
10440,SAVEA,4,1997-02-10,1997-03-10,2,86.53,Save-a-lot Markets,187 Suffolk Ln.,Boise,ID,83720,2,15,45,0
10441,OLDWO,3,1997-02-10,1997-03-24,2,73.02,Old World Delicatessen,2743 Bering St.,Anchorage,AK,99508,27,35,50,0
10442,ERNSH,3,1997-02-11,1997-03-11,2,47.94,Ernst Handel,Kirchgasse 6,Graz,nan,8010,11,16,30,0
10443,REGGC,8,1997-02-12,1997-03-12,1,13.95,Reggiani Caseifici,Strada Provinciale 124,Reggio Emilia,nan,42100,11,16,6,0
10444,BERGS,3,1997-02-12,1997-03-12,3,3.5,Berglunds snabbköp,Berguvsvägen  8,Luleå,nan,S-958 22,17,31,10,0
10445,BERGS,3,1997-02-13,1997-03-13,1,9.3,Berglunds snabbköp,Berguvsvägen  8,Luleå,nan,S-958 22,39,14,6,0
10446,TOMSP,6,1997-02-14,1997-03-14,1,14.68,Toms Spezialitäten,Luisenstr. 48,Münster,nan,44087,19,7,12,0
10447,RICAR,4,1997-02-14,1997-03-14,2,68.66,Ricardo Adocicados,"Av. Copacabana, 267",Rio de Janeiro,RJ,02389-890,19,7,40,0
10448,RANCH,4,1997-02-17,1997-03-17,2,38.82,Rancho grande,Av. del Libertador 900,Buenos Aires,nan,1010,26,24,6,0
10449,BLONP,3,1997-02-18,1997-03-18,2,53.3,Blondel père et fils,"24, place Kléber",Strasbourg,nan,67000,10,24,14,0
10450,VICTE,8,1997-02-19,1997-03-19,2,7.23,Victuailles en stock,"2, rue du Commerce",Lyon,nan,69004,10,24,20,0
10451,QUICK,4,1997-02-19,1997-03-05,3,189.09,QUICK-Stop,Taucherstraße 10,Cunewalde,nan,01307,55,19,120,0
10452,SAVEA,8,1997-02-20,1997-03-20,1,140.26,Save-a-lot Markets,187 Suffolk Ln.,Boise,ID,83720,28,36,15,0
10453,AROUT,1,1997-02-21,1997-03-21,2,25.36,Around the Horn,Brook Farm Stratford St. Mary,Colchester,Essex,CO7 6JX,48,10,15,0
10455,WARTH,8,1997-02-24,1997-04-07,2,180.45,Wartian Herkku,Torikatu 38,Oulu,nan,90110,39,14,20,0
10456,KOENE,8,1997-02-25,1997-04-08,2,8.12,Königlich Essen,Maubelstr. 90,Brandenburg,nan,14776,21,8,40,0
10457,KOENE,2,1997-02-25,1997-03-25,1,11.57,Königlich Essen,Maubelstr. 90,Brandenburg,nan,14776,59,44,36,0
10458,SUPRD,7,1997-02-26,1997-03-26,3,147.06,Suprêmes délices,"Boulevard Tirou, 255",Charleroi,nan,B-6000,26,24,30,0
10459,VICTE,4,1997-02-27,1997-03-27,2,25.09,Victuailles en stock,"2, rue du Commerce",Lyon,nan,69004,7,24,16,0
10460,FOLKO,8,1997-02-28,1997-03-28,1,16.27,Folk och fä HB,Åkergatan 24,Bräcke,nan,S-844 67,68,10,21,0
10461,LILAS,1,1997-02-28,1997-03-28,3,148.61,LILA-Supermercado,Carrera 52 con Ave. Bolívar #65-98 Llano Largo,Barquisimeto,Lara,3508,21,8,40,0
10462,CONSH,2,1997-03-03,1997-03-31,1,6.17,Consolidated Holdings,Berkeley Gardens 12  Brewery,London,nan,WX1 6LT,13,4,1,0
10463,SUPRD,5,1997-03-04,1997-04-01,3,14.78,Suprêmes délices,"Boulevard Tirou, 255",Charleroi,nan,B-6000,19,7,21,0
10464,FURIB,4,1997-03-04,1997-04-01,2,89.0,Furia Bacalhau e Frutos do Mar,Jardim das rosas n. 32,Lisboa,nan,1675,4,17,16,0
10465,VAFFE,1,1997-03-05,1997-04-02,3,145.04,Vaffeljernet,Smagsloget 45,Århus,nan,8200,24,3,25,0
10466,COMMI,4,1997-03-06,1997-04-03,1,11.93,Comércio Mineiro,"Av. dos Lusíadas, 23",Sao Paulo,SP,05432-043,11,16,10,0
10467,MAGAA,8,1997-03-06,1997-04-03,2,4.93,Magazzini Alimentari Riuniti,Via Ludovico il Moro 22,Bergamo,nan,24100,24,3,28,0
10468,KOENE,3,1997-03-07,1997-04-04,3,44.12,Königlich Essen,Maubelstr. 90,Brandenburg,nan,14776,30,20,8,0
10469,WHITC,1,1997-03-10,1997-04-07,1,60.18,White Clover Markets,1029 - 12th Ave. S.,Seattle,WA,98124,2,15,40,0
10472,SEVES,8,1997-03-12,1997-04-09,1,4.2,Seven Seas Imports,90 Wadhurst Rd.,London,nan,OX15 4NB,24,3,80,0
10473,ISLAT,1,1997-03-13,1997-03-27,3,16.37,Island Trading,Garden House Crowther Way,Cowes,Isle of Wight,PO31 7PJ,33,2,12,0
10474,PERIC,5,1997-03-13,1997-04-10,2,83.49,Pericles Comidas clásicas,Calle Dr. Jorge Cash 321,México D.F.,nan,05033,14,18,12,0
10475,SUPRD,9,1997-03-14,1997-04-11,1,68.52,Suprêmes délices,"Boulevard Tirou, 255",Charleroi,nan,B-6000,31,10,35,0
10476,HILAA,8,1997-03-17,1997-04-14,3,4.41,HILARION-Abastos,Carrera 22 con Ave. Carlos Soublette #8-35,San Cristóbal,Táchira,5022,55,19,2,0
10477,PRINI,5,1997-03-17,1997-04-14,2,13.02,Princesa Isabel Vinhos,Estrada da saúde n. 58,Lisboa,nan,1756,1,14,15,0
10478,VICTE,2,1997-03-18,1997-04-01,3,4.81,Victuailles en stock,"2, rue du Commerce",Lyon,nan,69004,10,24,20,0
10479,RATTC,3,1997-03-19,1997-04-16,3,708.95,Rattlesnake Canyon Grocery,2817 Milton Dr.,Albuquerque,NM,87110,38,210,30,0
10480,FOLIG,6,1997-03-20,1997-04-17,2,1.35,Folies gourmandes,"184, chaussée de Tournai",Lille,nan,59000,47,7,30,0
10481,RICAR,8,1997-03-20,1997-04-17,2,64.33,Ricardo Adocicados,"Av. Copacabana, 267",Rio de Janeiro,RJ,02389-890,49,16,24,0
10482,LAZYK,1,1997-03-21,1997-04-18,3,7.48,Lazy K Kountry Store,12 Orchestra Terrace,Walla Walla,WA,99362,40,14,10,0
10483,WHITC,7,1997-03-24,1997-04-21,2,15.28,White Clover Markets,1029 - 12th Ave. S.,Seattle,WA,98124,34,11,35,0
10485,LINOD,4,1997-03-25,1997-04-08,2,64.45,LINO-Delicateses,Ave. 5 de Mayo Porlamar,I. de Margarita,Nueva Esparta,4980,2,15,20,0
10486,HILAA,1,1997-03-26,1997-04-23,2,30.53,HILARION-Abastos,Carrera 22 con Ave. Carlos Soublette #8-35,San Cristóbal,Táchira,5022,11,16,5,0
10487,QUEEN,2,1997-03-26,1997-04-23,2,71.07,Queen Cozinha,"Alameda dos Canàrios, 891",Sao Paulo,SP,05487-020,19,7,5,0
10488,FRANK,8,1997-03-27,1997-04-24,2,4.93,Frankenversand,Berliner Platz 43,München,nan,80805,59,44,30,0
10489,PICCO,6,1997-03-28,1997-04-25,2,5.29,Piccolo und mehr,Geislweg 14,Salzburg,nan,5020,11,16,15,0
10490,HILAA,7,1997-03-31,1997-04-28,2,210.19,HILARION-Abastos,Carrera 22 con Ave. Carlos Soublette #8-35,San Cristóbal,Táchira,5022,59,44,60,0
10491,FURIB,8,1997-03-31,1997-04-28,3,16.96,Furia Bacalhau e Frutos do Mar,Jardim das rosas n. 32,Lisboa,nan,1675,44,15,15,0
10492,BOTTM,3,1997-04-01,1997-04-29,1,62.89,Bottom-Dollar Markets,23 Tsawassen Blvd.,Tsawassen,BC,T2F 8M4,25,11,60,0
10494,COMMI,4,1997-04-02,1997-04-30,2,65.99,Comércio Mineiro,"Av. dos Lusíadas, 23",Sao Paulo,SP,05432-043,56,30,30,0
10495,LAUGB,3,1997-04-03,1997-05-01,3,4.65,Laughing Bacchus Wine Cellars,2319 Elm St.,Vancouver,BC,V3F 2K1,23,7,10,0
10496,TRADH,7,1997-04-04,1997-05-02,2,46.77,Tradiçao Hipermercados,"Av. Inês de Castro, 414",Sao Paulo,SP,05634-030,31,10,20,0
10497,LEHMS,7,1997-04-04,1997-05-02,1,36.21,Lehmanns Marktstand,Magazinweg 7,Frankfurt a.M.,nan,60528,56,30,14,0
10498,HILAA,8,1997-04-07,1997-05-05,2,29.75,HILARION-Abastos,Carrera 22 con Ave. Carlos Soublette #8-35,San Cristóbal,Táchira,5022,24,4,14,0
10499,LILAS,4,1997-04-08,1997-05-06,2,102.02,LILA-Supermercado,Carrera 52 con Ave. Bolívar #65-98 Llano Largo,Barquisimeto,Lara,3508,28,45,20,0
10501,BLAUS,9,1997-04-09,1997-05-07,3,8.85,Blauer See Delikatessen,Forsterstr. 57,Mannheim,nan,68306,54,7,20,0
10502,PERIC,2,1997-04-10,1997-05-08,1,69.32,Pericles Comidas clásicas,Calle Dr. Jorge Cash 321,México D.F.,nan,05033,45,9,21,0
10503,HUNGO,6,1997-04-11,1997-05-09,2,16.74,Hungry Owl All-Night Grocers,8 Johnstown Road,Cork,Co. Cork,nan,14,23,70,0
10504,WHITC,4,1997-04-11,1997-05-09,3,59.13,White Clover Markets,1029 - 12th Ave. S.,Seattle,WA,98124,2,19,12,0
10505,MEREP,3,1997-04-14,1997-05-12,3,7.13,Mère Paillarde,43 rue St. Laurent,Montréal,Québec,H1J 1C3,62,49,3,0
10506,KOENE,9,1997-04-15,1997-05-13,2,21.19,Königlich Essen,Maubelstr. 90,Brandenburg,nan,14776,25,14,18,0
10507,ANTON,7,1997-04-15,1997-05-13,1,47.45,Antonio Moreno Taquería,Mataderos  2312,México D.F.,nan,05023,43,46,15,0
10508,OTTIK,1,1997-04-16,1997-05-14,2,4.99,Ottilies Käseladen,Mehrheimerstr. 369,Köln,nan,50739,13,6,10,0
10509,BLAUS,4,1997-04-17,1997-05-15,1,0.15,Blauer See Delikatessen,Forsterstr. 57,Mannheim,nan,68306,28,45,3,0
10510,SAVEA,6,1997-04-18,1997-05-16,3,367.63,Save-a-lot Markets,187 Suffolk Ln.,Boise,ID,83720,29,123,36,0
10512,FAMIA,7,1997-04-21,1997-05-19,2,3.53,Familia Arquibaldo,"Rua Orós, 92",Sao Paulo,SP,05442-030,24,4,10,0
10513,WANDK,7,1997-04-22,1997-06-03,1,105.65,Die Wandernde Kuh,Adenauerallee 900,Stuttgart,nan,70563,21,10,40,0
10514,ERNSH,3,1997-04-22,1997-05-20,2,789.95,Ernst Handel,Kirchgasse 6,Graz,nan,8010,20,81,39,0
10515,QUICK,2,1997-04-23,1997-05-07,1,204.47,QUICK-Stop,Taucherstraße 10,Cunewalde,nan,01307,9,97,16,0
10516,HUNGO,2,1997-04-24,1997-05-22,3,62.78,Hungry Owl All-Night Grocers,8 Johnstown Road,Cork,Co. Cork,nan,18,62,25,0
10517,NORTS,3,1997-04-24,1997-05-22,3,32.07,North/South,South House 300 Queensbridge,London,nan,SW7 1RZ,52,7,6,0
10518,TORTU,4,1997-04-25,1997-05-09,2,218.15,Tortuga Restaurante,Avda. Azteca 123,México D.F.,nan,05033,24,4,5,0
10519,CHOPS,6,1997-04-28,1997-05-26,3,91.76,Chop-suey Chinese,Hauptstr. 31,Bern,nan,3012,10,31,16,0
10520,SANTG,7,1997-04-29,1997-05-27,1,13.37,Santé Gourmet,Erling Skakkes gate 78,Stavern,nan,4110,24,4,8,0
10521,CACTU,8,1997-04-29,1997-05-27,2,17.22,Cactus Comidas para llevar,Cerrito 333,Buenos Aires,nan,1010,35,18,3,0
10522,LEHMS,4,1997-04-30,1997-05-28,1,45.33,Lehmanns Marktstand,Magazinweg 7,Frankfurt a.M.,nan,60528,1,18,40,0
10523,SEVES,7,1997-05-01,1997-05-29,2,77.63,Seven Seas Imports,90 Wadhurst Rd.,London,nan,OX15 4NB,17,39,25,0
10524,BERGS,1,1997-05-01,1997-05-29,2,244.79,Berglunds snabbköp,Berguvsvägen  8,Luleå,nan,S-958 22,10,31,2,0
10526,WARTH,4,1997-05-05,1997-06-02,2,58.59,Wartian Herkku,Torikatu 38,Oulu,nan,90110,1,18,8,0
10527,QUICK,7,1997-05-05,1997-06-02,1,41.9,QUICK-Stop,Taucherstraße 10,Cunewalde,nan,01307,4,22,50,0
10528,GREAL,6,1997-05-06,1997-05-20,2,3.35,Great Lakes Food Market,2732 Baker Blvd.,Eugene,OR,97403,11,21,3,0
10529,MAISD,5,1997-05-07,1997-06-04,2,66.69,Maison Dewey,Rue Joseph-Bens 532,Bruxelles,nan,B-1180,55,24,14,0
10530,PICCO,3,1997-05-08,1997-06-05,2,339.22,Piccolo und mehr,Geislweg 14,Salzburg,nan,5020,17,39,40,0
10531,OCEAN,7,1997-05-08,1997-06-05,1,8.12,Océano Atlántico Ltda.,Ing. Gustavo Moncada 8585 Piso 20-A,Buenos Aires,nan,1010,59,55,2,0
10532,EASTC,7,1997-05-09,1997-06-06,3,74.46,Eastern Connection,35 King George,London,nan,WX3 6FW,30,25,15,0
10533,FOLKO,8,1997-05-12,1997-06-09,1,188.04,Folk och fä HB,Åkergatan 24,Bräcke,nan,S-844 67,4,22,50,0
10534,LEHMS,8,1997-05-12,1997-06-09,2,27.94,Lehmanns Marktstand,Magazinweg 7,Frankfurt a.M.,nan,60528,30,25,10,0
10535,ANTON,4,1997-05-13,1997-06-10,1,15.64,Antonio Moreno Taquería,Mataderos  2312,México D.F.,nan,05023,11,21,50,0
10536,LEHMS,3,1997-05-14,1997-06-11,2,58.88,Lehmanns Marktstand,Magazinweg 7,Frankfurt a.M.,nan,60528,12,38,15,0
10537,RICSU,1,1997-05-14,1997-05-28,1,78.85,Richter Supermarkt,Starenweg 5,Genève,nan,1204,31,12,30,0
10540,QUICK,3,1997-05-19,1997-06-16,3,1007.64,QUICK-Stop,Taucherstraße 10,Cunewalde,nan,01307,3,10,60,0
10541,HANAR,2,1997-05-19,1997-06-16,1,68.65,Hanari Carnes,"Rua do Paço, 67",Rio de Janeiro,RJ,05454-876,24,4,35,0
10542,KOENE,1,1997-05-20,1997-06-17,3,10.95,Königlich Essen,Maubelstr. 90,Brandenburg,nan,14776,11,21,15,0
10543,LILAS,8,1997-05-21,1997-06-18,2,48.17,LILA-Supermercado,Carrera 52 con Ave. Bolívar #65-98 Llano Largo,Barquisimeto,Lara,3508,12,38,30,0
10544,LONEP,4,1997-05-21,1997-06-18,1,24.91,Lonesome Pine Restaurant,89 Chiaroscuro Rd.,Portland,OR,97219,28,45,7,0
10545,LAZYK,8,1997-05-22,1997-06-19,2,11.92,Lazy K Kountry Store,12 Orchestra Terrace,Walla Walla,WA,99362,11,21,10,0
10546,VICTE,1,1997-05-23,1997-06-20,3,194.72,Victuailles en stock,"2, rue du Commerce",Lyon,nan,69004,7,30,10,0
10547,SEVES,3,1997-05-23,1997-06-20,2,178.43,Seven Seas Imports,90 Wadhurst Rd.,London,nan,OX15 4NB,32,32,24,0
10548,TOMSP,3,1997-05-26,1997-06-23,2,1.43,Toms Spezialitäten,Luisenstr. 48,Münster,nan,44087,34,14,10,0
10549,QUICK,5,1997-05-27,1997-06-10,1,171.24,QUICK-Stop,Taucherstraße 10,Cunewalde,nan,01307,31,12,55,0
10550,GODOS,7,1997-05-28,1997-06-25,3,4.32,Godos Cocina Típica,"C/ Romero, 33",Sevilla,nan,41101,17,39,8,0
10551,FURIB,4,1997-05-28,1997-07-09,3,72.95,Furia Bacalhau e Frutos do Mar,Jardim das rosas n. 32,Lisboa,nan,1675,16,17,40,0
10552,HILAA,2,1997-05-29,1997-06-26,1,83.22,HILARION-Abastos,Carrera 22 con Ave. Carlos Soublette #8-35,San Cristóbal,Táchira,5022,69,36,18,0
10553,WARTH,2,1997-05-30,1997-06-27,2,149.49,Wartian Herkku,Torikatu 38,Oulu,nan,90110,11,21,15,0
10554,OTTIK,4,1997-05-30,1997-06-27,3,120.97,Ottilies Käseladen,Mehrheimerstr. 369,Köln,nan,50739,16,17,30,0
10555,SAVEA,6,1997-06-02,1997-06-30,3,252.49,Save-a-lot Markets,187 Suffolk Ln.,Boise,ID,83720,14,23,30,0
10556,SIMOB,2,1997-06-03,1997-07-15,1,9.8,Simons bistro,Vinbæltet 34,Kobenhavn,nan,1734,72,34,24,0
10557,LEHMS,9,1997-06-03,1997-06-17,2,96.72,Lehmanns Marktstand,Magazinweg 7,Frankfurt a.M.,nan,60528,64,33,30,0
10558,AROUT,1,1997-06-04,1997-07-02,2,72.97,Around the Horn,Brook Farm Stratford St. Mary,Colchester,Essex,CO7 6JX,47,9,25,0
10559,BLONP,6,1997-06-05,1997-07-03,1,8.05,Blondel père et fils,"24, place Kléber",Strasbourg,nan,67000,41,9,12,0
10560,FRANK,8,1997-06-06,1997-07-04,1,36.65,Frankenversand,Berliner Platz 43,München,nan,80805,30,25,20,0
10561,FOLKO,2,1997-06-06,1997-07-04,2,242.21,Folk och fä HB,Åkergatan 24,Bräcke,nan,S-844 67,44,19,10,0
10562,REGGC,1,1997-06-09,1997-07-07,1,22.95,Reggiani Caseifici,Strada Provinciale 124,Reggio Emilia,nan,42100,33,2,20,0
10563,RICAR,2,1997-06-10,1997-07-22,2,60.43,Ricardo Adocicados,"Av. Copacabana, 267",Rio de Janeiro,RJ,02389-890,36,19,25,0
10564,RATTC,4,1997-06-10,1997-07-08,3,13.75,Rattlesnake Canyon Grocery,2817 Milton Dr.,Albuquerque,NM,87110,17,39,16,0
10565,MEREP,8,1997-06-11,1997-07-09,2,7.15,Mère Paillarde,43 rue St. Laurent,Montréal,Québec,H1J 1C3,24,4,25,0
10566,BLONP,9,1997-06-12,1997-07-10,1,88.4,Blondel père et fils,"24, place Kléber",Strasbourg,nan,67000,11,21,35,0
10567,HUNGO,1,1997-06-12,1997-07-10,1,33.97,Hungry Owl All-Night Grocers,8 Johnstown Road,Cork,Co. Cork,nan,31,12,60,0
10568,GALED,3,1997-06-13,1997-07-11,3,6.54,Galería del gastronómo,"Rambla de Cataluña, 23",Barcelona,nan,8022,10,31,5,0
10569,RATTC,5,1997-06-16,1997-07-14,1,58.98,Rattlesnake Canyon Grocery,2817 Milton Dr.,Albuquerque,NM,87110,31,12,35,0
10570,MEREP,3,1997-06-17,1997-07-15,3,188.99,Mère Paillarde,43 rue St. Laurent,Montréal,Québec,H1J 1C3,11,21,15,0
10571,ERNSH,8,1997-06-17,1997-07-29,3,26.06,Ernst Handel,Kirchgasse 6,Graz,nan,8010,14,23,11,0
10572,BERGS,3,1997-06-18,1997-07-16,2,116.43,Berglunds snabbköp,Berguvsvägen  8,Luleå,nan,S-958 22,16,17,12,0
10573,ANTON,7,1997-06-19,1997-07-17,3,84.84,Antonio Moreno Taquería,Mataderos  2312,México D.F.,nan,05023,17,39,18,0
10575,MORGK,5,1997-06-20,1997-07-04,1,127.34,Morgenstern Gesundkost,Heerstr. 22,Leipzig,nan,04179,59,55,12,0
10576,TORTU,3,1997-06-23,1997-07-07,3,18.56,Tortuga Restaurante,Avda. Azteca 123,México D.F.,nan,05033,1,18,10,0
10580,OTTIK,4,1997-06-26,1997-07-24,3,75.89,Ottilies Käseladen,Mehrheimerstr. 369,Köln,nan,50739,14,23,15,0
10581,FAMIA,3,1997-06-26,1997-07-24,1,3.01,Familia Arquibaldo,"Rua Orós, 92",Sao Paulo,SP,05442-030,75,7,50,0
10582,BLAUS,3,1997-06-27,1997-07-25,2,27.71,Blauer See Delikatessen,Forsterstr. 57,Mannheim,nan,68306,57,19,4,0
10583,WARTH,2,1997-06-30,1997-07-28,2,7.28,Wartian Herkku,Torikatu 38,Oulu,nan,90110,29,123,10,0
10584,BLONP,4,1997-06-30,1997-07-28,1,59.14,Blondel père et fils,"24, place Kléber",Strasbourg,nan,67000,31,12,50,0
10585,WELLI,7,1997-07-01,1997-07-29,1,13.41,Wellington Importadora,"Rua do Mercado, 12",Resende,SP,08737-363,47,9,15,0
10586,REGGC,9,1997-07-02,1997-07-30,1,0.48,Reggiani Caseifici,Strada Provinciale 124,Reggio Emilia,nan,42100,52,7,4,0
10587,QUEDE,1,1997-07-02,1997-07-30,1,62.52,Que Delícia,"Rua da Panificadora, 12",Rio de Janeiro,RJ,02389-673,26,31,6,0
10588,QUICK,2,1997-07-03,1997-07-31,3,194.67,QUICK-Stop,Taucherstraße 10,Cunewalde,nan,01307,18,62,40,0
10589,GREAL,8,1997-07-04,1997-08-01,2,4.42,Great Lakes Food Market,2732 Baker Blvd.,Eugene,OR,97403,35,18,4,0
10590,MEREP,4,1997-07-07,1997-08-04,3,44.77,Mère Paillarde,43 rue St. Laurent,Montréal,Québec,H1J 1C3,1,18,20,0
10591,VAFFE,1,1997-07-07,1997-07-21,1,55.92,Vaffeljernet,Smagsloget 45,Århus,nan,8200,3,10,14,0
10592,LEHMS,3,1997-07-08,1997-08-05,1,32.1,Lehmanns Marktstand,Magazinweg 7,Frankfurt a.M.,nan,60528,15,15,25,0
10593,LEHMS,7,1997-07-09,1997-08-06,2,174.2,Lehmanns Marktstand,Magazinweg 7,Frankfurt a.M.,nan,60528,20,81,21,0
10594,OLDWO,3,1997-07-09,1997-08-06,2,5.24,Old World Delicatessen,2743 Bering St.,Anchorage,AK,99508,52,7,24,0
10595,ERNSH,2,1997-07-10,1997-08-07,1,96.78,Ernst Handel,Kirchgasse 6,Graz,nan,8010,35,18,30,0
10596,WHITC,8,1997-07-11,1997-08-08,1,16.34,White Clover Markets,1029 - 12th Ave. S.,Seattle,WA,98124,56,38,5,0
10597,PICCO,7,1997-07-11,1997-08-08,3,35.12,Piccolo und mehr,Geislweg 14,Salzburg,nan,5020,24,4,35,0
10598,RATTC,1,1997-07-14,1997-08-11,3,44.42,Rattlesnake Canyon Grocery,2817 Milton Dr.,Albuquerque,NM,87110,27,43,50,0
10600,HUNGC,4,1997-07-16,1997-08-13,1,45.13,Hungry Coyote Import Store,City Center Plaza 516 Main St.,Elgin,OR,97827,54,7,4,0
10601,HILAA,7,1997-07-16,1997-08-27,1,58.3,HILARION-Abastos,Carrera 22 con Ave. Carlos Soublette #8-35,San Cristóbal,Táchira,5022,13,6,60,0
10602,VAFFE,8,1997-07-17,1997-08-14,2,2.92,Vaffeljernet,Smagsloget 45,Århus,nan,8200,77,13,5,0
10603,SAVEA,8,1997-07-18,1997-08-15,2,48.77,Save-a-lot Markets,187 Suffolk Ln.,Boise,ID,83720,22,21,48,0
10604,FURIB,1,1997-07-18,1997-08-15,1,7.46,Furia Bacalhau e Frutos do Mar,Jardim das rosas n. 32,Lisboa,nan,1675,48,12,6,0
10605,MEREP,1,1997-07-21,1997-08-18,2,379.13,Mère Paillarde,43 rue St. Laurent,Montréal,Québec,H1J 1C3,16,17,30,0
10606,TRADH,4,1997-07-22,1997-08-19,3,79.4,Tradiçao Hipermercados,"Av. Inês de Castro, 414",Sao Paulo,SP,05634-030,4,22,20,0
10607,SAVEA,5,1997-07-22,1997-08-19,1,200.24,Save-a-lot Markets,187 Suffolk Ln.,Boise,ID,83720,7,30,45,0
10608,TOMSP,4,1997-07-23,1997-08-20,2,27.79,Toms Spezialitäten,Luisenstr. 48,Münster,nan,44087,56,38,28,0
10609,DUMON,7,1997-07-24,1997-08-21,2,1.85,Du monde entier,"67, rue des Cinquante Otages",Nantes,nan,44000,1,18,3,0
10611,WOLZA,6,1997-07-25,1997-08-22,2,80.65,Wolski Zajazd,ul. Filtrowa 68,Warszawa,nan,01-012,1,18,6,0
10612,SAVEA,1,1997-07-28,1997-08-25,2,544.08,Save-a-lot Markets,187 Suffolk Ln.,Boise,ID,83720,10,31,70,0
10613,HILAA,4,1997-07-29,1997-08-26,2,8.11,HILARION-Abastos,Carrera 22 con Ave. Carlos Soublette #8-35,San Cristóbal,Táchira,5022,13,6,8,0
10614,BLAUS,8,1997-07-29,1997-08-26,3,1.93,Blauer See Delikatessen,Forsterstr. 57,Mannheim,nan,68306,11,21,14,0
10615,WILMK,2,1997-07-30,1997-08-27,3,0.75,Wilman Kala,Keskuskatu 45,Helsinki,nan,21240,55,24,5,0
10616,GREAL,1,1997-07-31,1997-08-28,2,116.53,Great Lakes Food Market,2732 Baker Blvd.,Eugene,OR,97403,38,263,15,0
10617,GREAL,4,1997-07-31,1997-08-28,2,18.53,Great Lakes Food Market,2732 Baker Blvd.,Eugene,OR,97403,59,55,30,0
10618,MEREP,1,1997-08-01,1997-09-12,1,154.68,Mère Paillarde,43 rue St. Laurent,Montréal,Québec,H1J 1C3,6,25,70,0
10619,MEREP,3,1997-08-04,1997-09-01,3,91.05,Mère Paillarde,43 rue St. Laurent,Montréal,Québec,H1J 1C3,21,10,42,0
10620,LAUGB,2,1997-08-05,1997-09-02,3,0.94,Laughing Bacchus Wine Cellars,2319 Elm St.,Vancouver,BC,V3F 2K1,24,4,5,0
10621,ISLAT,4,1997-08-05,1997-09-02,2,23.73,Island Trading,Garden House Crowther Way,Cowes,Isle of Wight,PO31 7PJ,19,9,5,0
10622,RICAR,4,1997-08-06,1997-09-03,3,50.97,Ricardo Adocicados,"Av. Copacabana, 267",Rio de Janeiro,RJ,02389-890,2,19,20,0
10623,FRANK,8,1997-08-07,1997-09-04,2,97.18,Frankenversand,Berliner Platz 43,München,nan,80805,14,23,21,0
10624,THECR,4,1997-08-07,1997-09-04,2,94.8,The Cracker Box,55 Grizzly Peak Rd.,Butte,MT,59801,28,45,10,0
10625,ANATR,3,1997-08-08,1997-09-05,1,43.9,Ana Trujillo Emparedados y helados,Avda. de la Constitución 2222,México D.F.,nan,05021,14,23,3,0
10626,BERGS,1,1997-08-11,1997-09-08,2,138.69,Berglunds snabbköp,Berguvsvägen  8,Luleå,nan,S-958 22,53,32,12,0
10627,SAVEA,8,1997-08-11,1997-09-22,3,107.46,Save-a-lot Markets,187 Suffolk Ln.,Boise,ID,83720,62,49,15,0
10628,BLONP,4,1997-08-12,1997-09-09,3,30.36,Blondel père et fils,"24, place Kléber",Strasbourg,nan,67000,1,18,25,0
10629,GODOS,4,1997-08-12,1997-09-09,3,85.46,Godos Cocina Típica,"C/ Romero, 33",Sevilla,nan,41101,29,123,20,0
10630,KOENE,1,1997-08-13,1997-09-10,2,32.35,Königlich Essen,Maubelstr. 90,Brandenburg,nan,14776,55,24,12,0
10632,WANDK,8,1997-08-14,1997-09-11,1,41.38,Die Wandernde Kuh,Adenauerallee 900,Stuttgart,nan,70563,2,19,30,0
10633,ERNSH,7,1997-08-15,1997-09-12,3,477.9,Ernst Handel,Kirchgasse 6,Graz,nan,8010,12,38,36,0
10634,FOLIG,4,1997-08-15,1997-09-12,3,487.38,Folies gourmandes,"184, chaussée de Tournai",Lille,nan,59000,7,30,35,0
10635,MAGAA,8,1997-08-18,1997-09-15,3,47.46,Magazzini Alimentari Riuniti,Via Ludovico il Moro 22,Bergamo,nan,24100,4,22,10,0
10636,WARTH,4,1997-08-19,1997-09-16,1,1.15,Wartian Herkku,Torikatu 38,Oulu,nan,90110,4,22,25,0
10637,QUEEN,6,1997-08-19,1997-09-16,1,201.29,Queen Cozinha,"Alameda dos Canàrios, 891",Sao Paulo,SP,05487-020,11,21,10,0
10638,LINOD,3,1997-08-20,1997-09-17,1,158.44,LINO-Delicateses,Ave. 5 de Mayo Porlamar,I. de Margarita,Nueva Esparta,4980,45,9,20,0
10639,SANTG,7,1997-08-20,1997-09-17,3,38.64,Santé Gourmet,Erling Skakkes gate 78,Stavern,nan,4110,18,62,8,0
10640,WANDK,4,1997-08-21,1997-09-18,1,23.55,Die Wandernde Kuh,Adenauerallee 900,Stuttgart,nan,70563,69,36,20,0
10641,HILAA,4,1997-08-22,1997-09-19,2,179.61,HILARION-Abastos,Carrera 22 con Ave. Carlos Soublette #8-35,San Cristóbal,Táchira,5022,2,19,50,0
10642,SIMOB,7,1997-08-22,1997-09-19,3,41.89,Simons bistro,Vinbæltet 34,Kobenhavn,nan,1734,21,10,30,0
10643,ALFKI,6,1997-08-25,1997-09-22,1,29.46,Alfreds Futterkiste,Obere Str. 57,Berlin,nan,12209,28,45,15,0
10644,WELLI,3,1997-08-25,1997-09-22,2,0.14,Wellington Importadora,"Rua do Mercado, 12",Resende,SP,08737-363,18,62,4,0
10645,HANAR,4,1997-08-26,1997-09-23,1,12.41,Hanari Carnes,"Rua do Paço, 67",Rio de Janeiro,RJ,05454-876,18,62,20,0
10646,HUNGO,9,1997-08-27,1997-10-08,3,142.33,Hungry Owl All-Night Grocers,8 Johnstown Road,Cork,Co. Cork,nan,1,18,15,0
10647,QUEDE,4,1997-08-27,1997-09-10,2,45.54,Que Delícia,"Rua da Panificadora, 12",Rio de Janeiro,RJ,02389-673,19,9,30,0
10648,RICAR,5,1997-08-28,1997-10-09,2,14.25,Ricardo Adocicados,"Av. Copacabana, 267",Rio de Janeiro,RJ,02389-890,22,21,15,0
10649,MAISD,5,1997-08-28,1997-09-25,3,6.2,Maison Dewey,Rue Joseph-Bens 532,Bruxelles,nan,B-1180,28,45,20,0
10650,FAMIA,5,1997-08-29,1997-09-26,3,176.81,Familia Arquibaldo,"Rua Orós, 92",Sao Paulo,SP,05442-030,30,25,30,0
10651,WANDK,8,1997-09-01,1997-09-29,2,20.6,Die Wandernde Kuh,Adenauerallee 900,Stuttgart,nan,70563,19,9,12,0
10652,GOURL,4,1997-09-01,1997-09-29,2,7.14,Gourmet Lanchonetes,"Av. Brasil, 442",Campinas,SP,04876-786,30,25,2,0
10653,FRANK,1,1997-09-02,1997-09-30,1,93.25,Frankenversand,Berliner Platz 43,München,nan,80805,16,17,30,0
10654,BERGS,5,1997-09-02,1997-09-30,1,55.26,Berglunds snabbköp,Berguvsvägen  8,Luleå,nan,S-958 22,4,22,12,0
10655,REGGC,1,1997-09-03,1997-10-01,2,4.41,Reggiani Caseifici,Strada Provinciale 124,Reggio Emilia,nan,42100,41,9,20,0
10656,GREAL,6,1997-09-04,1997-10-02,1,57.15,Great Lakes Food Market,2732 Baker Blvd.,Eugene,OR,97403,14,23,3,0
10657,SAVEA,2,1997-09-04,1997-10-02,2,352.69,Save-a-lot Markets,187 Suffolk Ln.,Boise,ID,83720,15,15,50,0
10658,QUICK,4,1997-09-05,1997-10-03,1,364.15,QUICK-Stop,Taucherstraße 10,Cunewalde,nan,01307,21,10,60,0
10659,QUEEN,7,1997-09-05,1997-10-03,2,105.81,Queen Cozinha,"Alameda dos Canàrios, 891",Sao Paulo,SP,05487-020,31,12,20,0
10660,HUNGC,8,1997-09-08,1997-10-06,1,111.29,Hungry Coyote Import Store,City Center Plaza 516 Main St.,Elgin,OR,97827,20,81,21,0
10661,HUNGO,7,1997-09-09,1997-10-07,3,17.55,Hungry Owl All-Night Grocers,8 Johnstown Road,Cork,Co. Cork,nan,39,18,3,0
10662,LONEP,3,1997-09-09,1997-10-07,2,1.28,Lonesome Pine Restaurant,89 Chiaroscuro Rd.,Portland,OR,97219,68,12,10,0
10664,FURIB,1,1997-09-10,1997-10-08,3,1.27,Furia Bacalhau e Frutos do Mar,Jardim das rosas n. 32,Lisboa,nan,1675,10,31,24,0
10665,LONEP,1,1997-09-11,1997-10-09,2,26.31,Lonesome Pine Restaurant,89 Chiaroscuro Rd.,Portland,OR,97219,51,53,20,0
10666,RICSU,7,1997-09-12,1997-10-10,2,232.42,Richter Supermarkt,Starenweg 5,Genève,nan,1204,29,123,36,0
10667,ERNSH,7,1997-09-12,1997-10-10,1,78.09,Ernst Handel,Kirchgasse 6,Graz,nan,8010,69,36,45,0
10668,WANDK,1,1997-09-15,1997-10-13,2,47.22,Die Wandernde Kuh,Adenauerallee 900,Stuttgart,nan,70563,31,12,8,0
10669,SIMOB,2,1997-09-15,1997-10-13,1,24.39,Simons bistro,Vinbæltet 34,Kobenhavn,nan,1734,36,19,30,0
10670,FRANK,4,1997-09-16,1997-10-14,1,203.48,Frankenversand,Berliner Platz 43,München,nan,80805,23,9,32,0
10671,FRANR,1,1997-09-17,1997-10-15,1,30.34,France restauration,"54, rue Royale",Nantes,nan,44000,16,17,10,0
10672,BERGS,9,1997-09-17,1997-10-01,2,95.75,Berglunds snabbköp,Berguvsvägen  8,Luleå,nan,S-958 22,38,263,15,0
10673,WILMK,2,1997-09-18,1997-10-16,1,22.76,Wilman Kala,Keskuskatu 45,Helsinki,nan,21240,16,17,3,0
10674,ISLAT,4,1997-09-18,1997-10-16,2,0.9,Island Trading,Garden House Crowther Way,Cowes,Isle of Wight,PO31 7PJ,23,9,5,0
10675,FRANK,5,1997-09-19,1997-10-17,2,31.85,Frankenversand,Berliner Platz 43,München,nan,80805,14,23,30,0
10676,TORTU,2,1997-09-22,1997-10-20,2,2.01,Tortuga Restaurante,Avda. Azteca 123,México D.F.,nan,05033,10,31,2,0
10677,ANTON,1,1997-09-22,1997-10-20,3,4.03,Antonio Moreno Taquería,Mataderos  2312,México D.F.,nan,05023,26,31,30,0
10678,SAVEA,7,1997-09-23,1997-10-21,3,388.98,Save-a-lot Markets,187 Suffolk Ln.,Boise,ID,83720,12,38,100,0
10679,BLONP,8,1997-09-23,1997-10-21,3,27.94,Blondel père et fils,"24, place Kléber",Strasbourg,nan,67000,59,55,12,0
10680,OLDWO,1,1997-09-24,1997-10-22,1,26.61,Old World Delicatessen,2743 Bering St.,Anchorage,AK,99508,16,17,50,0
10681,GREAL,3,1997-09-25,1997-10-23,3,76.13,Great Lakes Food Market,2732 Baker Blvd.,Eugene,OR,97403,19,9,30,0
10682,ANTON,3,1997-09-25,1997-10-23,2,36.13,Antonio Moreno Taquería,Mataderos  2312,México D.F.,nan,05023,33,2,30,0
10683,DUMON,2,1997-09-26,1997-10-24,1,4.4,Du monde entier,"67, rue des Cinquante Otages",Nantes,nan,44000,52,7,9,0
10684,OTTIK,3,1997-09-26,1997-10-24,1,145.63,Ottilies Käseladen,Mehrheimerstr. 369,Köln,nan,50739,40,18,20,0
10685,GOURL,4,1997-09-29,1997-10-13,2,33.75,Gourmet Lanchonetes,"Av. Brasil, 442",Campinas,SP,04876-786,10,31,20,0
10686,PICCO,2,1997-09-30,1997-10-28,1,96.5,Piccolo und mehr,Geislweg 14,Salzburg,nan,5020,17,39,30,0
10687,HUNGO,9,1997-09-30,1997-10-28,2,296.43,Hungry Owl All-Night Grocers,8 Johnstown Road,Cork,Co. Cork,nan,9,97,50,0
10688,VAFFE,4,1997-10-01,1997-10-15,2,299.09,Vaffeljernet,Smagsloget 45,Århus,nan,8200,10,31,18,0
10689,BERGS,1,1997-10-01,1997-10-29,2,13.42,Berglunds snabbköp,Berguvsvägen  8,Luleå,nan,S-958 22,1,18,35,0
10690,HANAR,1,1997-10-02,1997-10-30,1,15.8,Hanari Carnes,"Rua do Paço, 67",Rio de Janeiro,RJ,05454-876,56,38,20,0
10691,QUICK,2,1997-10-03,1997-11-14,2,810.05,QUICK-Stop,Taucherstraße 10,Cunewalde,nan,01307,1,18,30,0
10693,WHITC,3,1997-10-06,1997-10-20,3,139.34,White Clover Markets,1029 - 12th Ave. S.,Seattle,WA,98124,9,97,6,0
10694,QUICK,8,1997-10-06,1997-11-03,3,398.36,QUICK-Stop,Taucherstraße 10,Cunewalde,nan,01307,7,30,90,0
10695,WILMK,7,1997-10-07,1997-11-18,1,16.72,Wilman Kala,Keskuskatu 45,Helsinki,nan,21240,8,40,10,0
10696,WHITC,8,1997-10-08,1997-11-19,3,102.55,White Clover Markets,1029 - 12th Ave. S.,Seattle,WA,98124,17,39,20,0
10697,LINOD,3,1997-10-08,1997-11-05,1,45.52,LINO-Delicateses,Ave. 5 de Mayo Porlamar,I. de Margarita,Nueva Esparta,4980,19,9,7,0
10698,ERNSH,4,1997-10-09,1997-11-06,1,272.47,Ernst Handel,Kirchgasse 6,Graz,nan,8010,11,21,15,0
10699,MORGK,3,1997-10-09,1997-11-06,3,0.58,Morgenstern Gesundkost,Heerstr. 22,Leipzig,nan,04179,47,9,12,0
10700,SAVEA,3,1997-10-10,1997-11-07,1,65.1,Save-a-lot Markets,187 Suffolk Ln.,Boise,ID,83720,1,18,5,0
10701,HUNGO,6,1997-10-13,1997-10-27,3,220.31,Hungry Owl All-Night Grocers,8 Johnstown Road,Cork,Co. Cork,nan,59,55,42,0
10703,FOLKO,6,1997-10-14,1997-11-11,2,152.3,Folk och fä HB,Åkergatan 24,Bräcke,nan,S-844 67,2,19,5,0
10704,QUEEN,6,1997-10-14,1997-11-11,1,4.78,Queen Cozinha,"Alameda dos Canàrios, 891",Sao Paulo,SP,05487-020,4,22,6,0
10705,HILAA,9,1997-10-15,1997-11-12,2,3.52,HILARION-Abastos,Carrera 22 con Ave. Carlos Soublette #8-35,San Cristóbal,Táchira,5022,31,12,20,0
10706,OLDWO,8,1997-10-16,1997-11-13,3,135.63,Old World Delicatessen,2743 Bering St.,Anchorage,AK,99508,16,17,20,0
10707,AROUT,4,1997-10-16,1997-10-30,3,21.74,Around the Horn,Brook Farm Stratford St. Mary,Colchester,Essex,CO7 6JX,55,24,21,0
10708,THEBI,6,1997-10-17,1997-11-28,2,2.96,The Big Cheese,89 Jefferson Way Suite 2,Portland,OR,97201,5,21,4,0
10709,GOURL,1,1997-10-17,1997-11-14,3,210.8,Gourmet Lanchonetes,"Av. Brasil, 442",Campinas,SP,04876-786,8,40,40,0
10710,FRANS,1,1997-10-20,1997-11-17,1,4.98,Franchi S.p.A.,Via Monte Bianco 34,Torino,nan,10100,19,9,5,0
10711,SAVEA,5,1997-10-21,1997-12-02,2,52.41,Save-a-lot Markets,187 Suffolk Ln.,Boise,ID,83720,19,9,12,0
10712,HUNGO,3,1997-10-21,1997-11-18,1,89.93,Hungry Owl All-Night Grocers,8 Johnstown Road,Cork,Co. Cork,nan,53,32,3,0
10713,SAVEA,1,1997-10-22,1997-11-19,1,167.05,Save-a-lot Markets,187 Suffolk Ln.,Boise,ID,83720,10,31,18,0
10714,SAVEA,5,1997-10-22,1997-11-19,3,24.49,Save-a-lot Markets,187 Suffolk Ln.,Boise,ID,83720,2,19,30,0
10716,RANCH,4,1997-10-24,1997-11-21,2,22.57,Rancho grande,Av. del Libertador 900,Buenos Aires,nan,1010,21,10,5,0
10717,FRANK,1,1997-10-24,1997-11-21,2,59.25,Frankenversand,Berliner Platz 43,München,nan,80805,21,10,32,0
10718,KOENE,1,1997-10-27,1997-11-24,3,170.88,Königlich Essen,Maubelstr. 90,Brandenburg,nan,14776,12,38,36,0
10720,QUEDE,8,1997-10-28,1997-11-11,2,9.53,Que Delícia,"Rua da Panificadora, 12",Rio de Janeiro,RJ,02389-673,35,18,21,0
10721,QUICK,5,1997-10-29,1997-11-26,3,48.92,QUICK-Stop,Taucherstraße 10,Cunewalde,nan,01307,44,19,50,0
10722,SAVEA,8,1997-10-29,1997-12-10,1,74.58,Save-a-lot Markets,187 Suffolk Ln.,Boise,ID,83720,2,19,3,0
10723,WHITC,3,1997-10-30,1997-11-27,1,21.72,White Clover Markets,1029 - 12th Ave. S.,Seattle,WA,98124,26,31,15,0
10724,MEREP,8,1997-10-30,1997-12-11,2,57.75,Mère Paillarde,43 rue St. Laurent,Montréal,Québec,H1J 1C3,10,31,16,0
10725,FAMIA,4,1997-10-31,1997-11-28,3,10.83,Familia Arquibaldo,"Rua Orós, 92",Sao Paulo,SP,05442-030,41,9,12,0
10726,EASTC,4,1997-11-03,1997-11-17,1,16.56,Eastern Connection,35 King George,London,nan,WX3 6FW,4,22,25,0
10727,REGGC,2,1997-11-03,1997-12-01,1,89.9,Reggiani Caseifici,Strada Provinciale 124,Reggio Emilia,nan,42100,17,39,20,0
10728,QUEEN,4,1997-11-04,1997-12-02,2,58.33,Queen Cozinha,"Alameda dos Canàrios, 891",Sao Paulo,SP,05487-020,30,25,15,0
10729,LINOD,8,1997-11-04,1997-12-16,3,141.06,LINO-Delicateses,Ave. 5 de Mayo Porlamar,I. de Margarita,Nueva Esparta,4980,1,18,50,0
10731,CHOPS,7,1997-11-06,1997-12-04,1,96.65,Chop-suey Chinese,Hauptstr. 31,Bern,nan,3012,21,10,40,0
10733,BERGS,1,1997-11-07,1997-12-05,3,110.11,Berglunds snabbköp,Berguvsvägen  8,Luleå,nan,S-958 22,14,23,16,0
10734,GOURL,2,1997-11-07,1997-12-05,3,1.63,Gourmet Lanchonetes,"Av. Brasil, 442",Campinas,SP,04876-786,6,25,30,0
10736,HUNGO,9,1997-11-11,1997-12-09,2,44.1,Hungry Owl All-Night Grocers,8 Johnstown Road,Cork,Co. Cork,nan,65,21,40,0
10738,SPECD,2,1997-11-12,1997-12-10,1,2.91,Spécialités du monde,"25, rue Lauriston",Paris,nan,75016,16,17,3,0
10740,WHITC,4,1997-11-13,1997-12-11,2,81.88,White Clover Markets,1029 - 12th Ave. S.,Seattle,WA,98124,28,45,5,0
10741,AROUT,4,1997-11-14,1997-11-28,3,10.96,Around the Horn,Brook Farm Stratford St. Mary,Colchester,Essex,CO7 6JX,2,19,15,0
10742,BOTTM,3,1997-11-14,1997-12-12,3,243.73,Bottom-Dollar Markets,23 Tsawassen Blvd.,Tsawassen,BC,T2F 8M4,3,10,20,0
10743,AROUT,1,1997-11-17,1997-12-15,2,23.72,Around the Horn,Brook Farm Stratford St. Mary,Colchester,Essex,CO7 6JX,46,12,28,0
10744,VAFFE,6,1997-11-17,1997-12-15,1,69.19,Vaffeljernet,Smagsloget 45,Århus,nan,8200,40,18,50,0
10745,QUICK,9,1997-11-18,1997-12-16,1,3.52,QUICK-Stop,Taucherstraße 10,Cunewalde,nan,01307,18,62,24,0
10746,CHOPS,1,1997-11-19,1997-12-17,3,31.43,Chop-suey Chinese,Hauptstr. 31,Bern,nan,3012,13,6,6,0
10747,PICCO,6,1997-11-19,1997-12-17,1,117.33,Piccolo und mehr,Geislweg 14,Salzburg,nan,5020,31,12,8,0
10748,SAVEA,3,1997-11-20,1997-12-18,1,232.55,Save-a-lot Markets,187 Suffolk Ln.,Boise,ID,83720,23,9,44,0
10749,ISLAT,4,1997-11-20,1997-12-18,2,61.53,Island Trading,Garden House Crowther Way,Cowes,Isle of Wight,PO31 7PJ,56,38,15,0
10750,WARTH,9,1997-11-21,1997-12-19,1,79.3,Wartian Herkku,Torikatu 38,Oulu,nan,90110,14,23,5,0
10751,RICSU,3,1997-11-24,1997-12-22,3,130.79,Richter Supermarkt,Starenweg 5,Genève,nan,1204,26,31,12,0
10752,NORTS,2,1997-11-24,1997-12-22,3,1.39,North/South,South House 300 Queensbridge,London,nan,SW7 1RZ,1,18,8,0
10753,FRANS,3,1997-11-25,1997-12-23,1,7.7,Franchi S.p.A.,Via Monte Bianco 34,Torino,nan,10100,45,9,4,0
10754,MAGAA,6,1997-11-25,1997-12-23,3,2.38,Magazzini Alimentari Riuniti,Via Ludovico il Moro 22,Bergamo,nan,24100,40,18,3,0
10756,SPLIR,8,1997-11-27,1997-12-25,2,73.21,Split Rail Beer & Ale,P.O. Box 555,Lander,WY,82520,18,62,21,0
10757,SAVEA,6,1997-11-27,1997-12-25,1,8.19,Save-a-lot Markets,187 Suffolk Ln.,Boise,ID,83720,34,14,30,0
10758,RICSU,3,1997-11-28,1997-12-26,3,138.17,Richter Supermarkt,Starenweg 5,Genève,nan,1204,26,31,20,0
10759,ANATR,3,1997-11-28,1997-12-26,3,11.99,Ana Trujillo Emparedados y helados,Avda. de la Constitución 2222,México D.F.,nan,05021,32,32,10,0
10760,MAISD,4,1997-12-01,1997-12-29,1,155.64,Maison Dewey,Rue Joseph-Bens 532,Bruxelles,nan,B-1180,25,14,12,0
10761,RATTC,5,1997-12-02,1997-12-30,2,18.66,Rattlesnake Canyon Grocery,2817 Milton Dr.,Albuquerque,NM,87110,25,14,35,0
10762,FOLKO,3,1997-12-02,1997-12-30,1,328.74,Folk och fä HB,Åkergatan 24,Bräcke,nan,S-844 67,39,18,16,0
10763,FOLIG,3,1997-12-03,1997-12-31,3,37.35,Folies gourmandes,"184, chaussée de Tournai",Lille,nan,59000,21,10,40,0
10764,ERNSH,6,1997-12-03,1997-12-31,3,145.45,Ernst Handel,Kirchgasse 6,Graz,nan,8010,3,10,20,0
10765,QUICK,3,1997-12-04,1998-01-01,3,42.74,QUICK-Stop,Taucherstraße 10,Cunewalde,nan,01307,65,21,80,0
10766,OTTIK,4,1997-12-05,1998-01-02,1,157.55,Ottilies Käseladen,Mehrheimerstr. 369,Köln,nan,50739,2,19,40,0
10767,SUPRD,4,1997-12-05,1998-01-02,3,1.59,Suprêmes délices,"Boulevard Tirou, 255",Charleroi,nan,B-6000,42,14,2,0
10768,AROUT,3,1997-12-08,1998-01-05,2,146.32,Around the Horn,Brook Farm Stratford St. Mary,Colchester,Essex,CO7 6JX,22,21,4,0
10769,VAFFE,3,1997-12-08,1998-01-05,1,65.06,Vaffeljernet,Smagsloget 45,Århus,nan,8200,41,9,30,0
10770,HANAR,8,1997-12-09,1998-01-06,3,5.32,Hanari Carnes,"Rua do Paço, 67",Rio de Janeiro,RJ,05454-876,11,21,15,0
10771,ERNSH,9,1997-12-10,1998-01-07,2,11.19,Ernst Handel,Kirchgasse 6,Graz,nan,8010,71,21,16,0
10772,LEHMS,3,1997-12-10,1998-01-07,2,91.28,Lehmanns Marktstand,Magazinweg 7,Frankfurt a.M.,nan,60528,29,123,18,0
10773,ERNSH,1,1997-12-11,1998-01-08,3,96.43,Ernst Handel,Kirchgasse 6,Graz,nan,8010,17,39,33,0
10774,FOLKO,4,1997-12-11,1997-12-25,1,48.2,Folk och fä HB,Åkergatan 24,Bräcke,nan,S-844 67,31,12,2,0
10775,THECR,7,1997-12-12,1998-01-09,1,20.25,The Cracker Box,55 Grizzly Peak Rd.,Butte,MT,59801,10,31,6,0
10776,ERNSH,1,1997-12-15,1998-01-12,3,351.53,Ernst Handel,Kirchgasse 6,Graz,nan,8010,31,12,16,0
10777,GOURL,7,1997-12-15,1997-12-29,2,3.01,Gourmet Lanchonetes,"Av. Brasil, 442",Campinas,SP,04876-786,42,14,20,0
10778,BERGS,3,1997-12-16,1998-01-13,1,6.79,Berglunds snabbköp,Berguvsvägen  8,Luleå,nan,S-958 22,41,9,10,0
10779,MORGK,3,1997-12-16,1998-01-13,2,58.13,Morgenstern Gesundkost,Heerstr. 22,Leipzig,nan,04179,16,17,20,0
10780,LILAS,2,1997-12-16,1997-12-30,1,42.13,LILA-Supermercado,Carrera 52 con Ave. Bolívar #65-98 Llano Largo,Barquisimeto,Lara,3508,70,15,35,0
10781,WARTH,2,1997-12-17,1998-01-14,3,73.16,Wartian Herkku,Torikatu 38,Oulu,nan,90110,54,7,3,0
10782,CACTU,9,1997-12-17,1998-01-14,3,1.1,Cactus Comidas para llevar,Cerrito 333,Buenos Aires,nan,1010,31,12,1,0
10783,HANAR,4,1997-12-18,1998-01-15,2,124.98,Hanari Carnes,"Rua do Paço, 67",Rio de Janeiro,RJ,05454-876,31,12,10,0
10784,MAGAA,4,1997-12-18,1998-01-15,3,70.09,Magazzini Alimentari Riuniti,Via Ludovico il Moro 22,Bergamo,nan,24100,36,19,30,0
10785,GROSR,1,1997-12-18,1998-01-15,3,1.51,GROSELLA-Restaurante,5ª Ave. Los Palos Grandes,Caracas,DF,1081,10,31,10,0
10786,QUEEN,8,1997-12-19,1998-01-16,1,110.87,Queen Cozinha,"Alameda dos Canàrios, 891",Sao Paulo,SP,05487-020,8,40,30,0
10788,QUICK,1,1997-12-22,1998-01-19,2,42.7,QUICK-Stop,Taucherstraße 10,Cunewalde,nan,01307,19,9,50,0
10789,FOLIG,1,1997-12-22,1998-01-19,2,100.6,Folies gourmandes,"184, chaussée de Tournai",Lille,nan,59000,18,62,30,0
10790,GOURL,6,1997-12-22,1998-01-19,1,28.23,Gourmet Lanchonetes,"Av. Brasil, 442",Campinas,SP,04876-786,7,30,3,0
10791,FRANK,6,1997-12-23,1998-01-20,2,16.85,Frankenversand,Berliner Platz 43,München,nan,80805,29,123,14,0
10792,WOLZA,1,1997-12-23,1998-01-20,3,23.79,Wolski Zajazd,ul. Filtrowa 68,Warszawa,nan,01-012,2,19,10,0
10793,AROUT,3,1997-12-24,1998-01-21,3,4.52,Around the Horn,Brook Farm Stratford St. Mary,Colchester,Essex,CO7 6JX,41,9,14,0
10794,QUEDE,6,1997-12-24,1998-01-21,1,21.49,Que Delícia,"Rua da Panificadora, 12",Rio de Janeiro,RJ,02389-673,14,23,15,0
10795,ERNSH,8,1997-12-24,1998-01-21,2,126.66,Ernst Handel,Kirchgasse 6,Graz,nan,8010,16,17,65,0
10796,HILAA,3,1997-12-25,1998-01-22,1,26.52,HILARION-Abastos,Carrera 22 con Ave. Carlos Soublette #8-35,San Cristóbal,Táchira,5022,26,31,21,0
10797,DRACD,7,1997-12-25,1998-01-22,2,33.35,Drachenblut Delikatessen,Walserweg 21,Aachen,nan,52066,11,21,20,0
10798,ISLAT,2,1997-12-26,1998-01-23,1,2.33,Island Trading,Garden House Crowther Way,Cowes,Isle of Wight,PO31 7PJ,62,49,2,0
10799,KOENE,9,1997-12-26,1998-02-06,3,30.76,Königlich Essen,Maubelstr. 90,Brandenburg,nan,14776,13,6,20,0
10800,SEVES,1,1997-12-26,1998-01-23,3,137.44,Seven Seas Imports,90 Wadhurst Rd.,London,nan,OX15 4NB,11,21,50,0
10801,BOLID,4,1997-12-29,1998-01-26,2,97.09,Bólido Comidas preparadas,"C/ Araquil, 67",Madrid,nan,28023,17,39,40,0
10802,SIMOB,4,1997-12-29,1998-01-26,2,257.26,Simons bistro,Vinbæltet 34,Kobenhavn,nan,1734,30,25,25,0
10803,WELLI,4,1997-12-30,1998-01-27,1,55.23,Wellington Importadora,"Rua do Mercado, 12",Resende,SP,08737-363,19,9,24,0
10804,SEVES,6,1997-12-30,1998-01-27,2,27.33,Seven Seas Imports,90 Wadhurst Rd.,London,nan,OX15 4NB,10,31,36,0
10805,THEBI,2,1997-12-30,1998-01-27,3,237.34,The Big Cheese,89 Jefferson Way Suite 2,Portland,OR,97201,34,14,10,0
10806,VICTE,3,1997-12-31,1998-01-28,2,22.11,Victuailles en stock,"2, rue du Commerce",Lyon,nan,69004,2,19,20,0
10807,FRANS,4,1997-12-31,1998-01-28,1,1.36,Franchi S.p.A.,Via Monte Bianco 34,Torino,nan,10100,40,18,1,0
10808,OLDWO,2,1998-01-01,1998-01-29,3,45.53,Old World Delicatessen,2743 Bering St.,Anchorage,AK,99508,56,38,20,0
10809,WELLI,7,1998-01-01,1998-01-29,1,4.87,Wellington Importadora,"Rua do Mercado, 12",Resende,SP,08737-363,52,7,20,0
10810,LAUGB,2,1998-01-01,1998-01-29,3,4.33,Laughing Bacchus Wine Cellars,2319 Elm St.,Vancouver,BC,V3F 2K1,13,6,7,0
10811,LINOD,8,1998-01-02,1998-01-30,1,31.22,LINO-Delicateses,Ave. 5 de Mayo Porlamar,I. de Margarita,Nueva Esparta,4980,19,9,15,0
10812,REGGC,5,1998-01-02,1998-01-30,1,59.78,Reggiani Caseifici,Strada Provinciale 124,Reggio Emilia,nan,42100,31,12,16,0
10813,RICAR,1,1998-01-05,1998-02-02,1,47.38,Ricardo Adocicados,"Av. Copacabana, 267",Rio de Janeiro,RJ,02389-890,2,19,12,0
10814,VICTE,3,1998-01-05,1998-02-02,3,130.94,Victuailles en stock,"2, rue du Commerce",Lyon,nan,69004,41,9,20,0
10815,SAVEA,2,1998-01-05,1998-02-02,3,14.62,Save-a-lot Markets,187 Suffolk Ln.,Boise,ID,83720,33,2,16,0
10816,GREAL,4,1998-01-06,1998-02-03,2,719.78,Great Lakes Food Market,2732 Baker Blvd.,Eugene,OR,97403,38,263,30,0
10817,KOENE,3,1998-01-06,1998-01-20,2,306.07,Königlich Essen,Maubelstr. 90,Brandenburg,nan,14776,26,31,40,0
10818,MAGAA,7,1998-01-07,1998-02-04,3,65.48,Magazzini Alimentari Riuniti,Via Ludovico il Moro 22,Bergamo,nan,24100,32,32,20,0
10819,CACTU,2,1998-01-07,1998-02-04,3,19.76,Cactus Comidas para llevar,Cerrito 333,Buenos Aires,nan,1010,43,46,7,0
10820,RATTC,3,1998-01-07,1998-02-04,2,37.52,Rattlesnake Canyon Grocery,2817 Milton Dr.,Albuquerque,NM,87110,56,38,30,0
10821,SPLIR,1,1998-01-08,1998-02-05,1,36.68,Split Rail Beer & Ale,P.O. Box 555,Lander,WY,82520,35,18,20,0
10823,LILAS,5,1998-01-09,1998-02-06,2,163.97,LILA-Supermercado,Carrera 52 con Ave. Bolívar #65-98 Llano Largo,Barquisimeto,Lara,3508,11,21,20,0
10824,FOLKO,8,1998-01-09,1998-02-06,1,1.23,Folk och fä HB,Åkergatan 24,Bräcke,nan,S-844 67,41,9,12,0
10825,DRACD,1,1998-01-09,1998-02-06,1,79.25,Drachenblut Delikatessen,Walserweg 21,Aachen,nan,52066,26,31,12,0
10826,BLONP,6,1998-01-12,1998-02-09,1,7.09,Blondel père et fils,"24, place Kléber",Strasbourg,nan,67000,31,12,35,0
10828,RANCH,9,1998-01-13,1998-01-27,1,90.85,Rancho grande,Av. del Libertador 900,Buenos Aires,nan,1010,20,81,5,0
10829,ISLAT,9,1998-01-13,1998-02-10,1,154.72,Island Trading,Garden House Crowther Way,Cowes,Isle of Wight,PO31 7PJ,2,19,10,0
10830,TRADH,4,1998-01-13,1998-02-24,2,81.83,Tradiçao Hipermercados,"Av. Inês de Castro, 414",Sao Paulo,SP,05634-030,6,25,6,0
10831,SANTG,3,1998-01-14,1998-02-11,2,72.19,Santé Gourmet,Erling Skakkes gate 78,Stavern,nan,4110,19,9,2,0
10833,OTTIK,6,1998-01-15,1998-02-12,2,71.49,Ottilies Käseladen,Mehrheimerstr. 369,Köln,nan,50739,7,30,20,0
10834,TRADH,1,1998-01-15,1998-02-12,3,29.78,Tradiçao Hipermercados,"Av. Inês de Castro, 414",Sao Paulo,SP,05634-030,29,123,8,0
10836,ERNSH,7,1998-01-16,1998-02-13,1,411.88,Ernst Handel,Kirchgasse 6,Graz,nan,8010,22,21,52,0
10837,BERGS,9,1998-01-16,1998-02-13,3,13.32,Berglunds snabbköp,Berguvsvägen  8,Luleå,nan,S-958 22,13,6,6,0
10838,LINOD,3,1998-01-19,1998-02-16,3,59.28,LINO-Delicateses,Ave. 5 de Mayo Porlamar,I. de Margarita,Nueva Esparta,4980,1,18,4,0
10839,TRADH,3,1998-01-19,1998-02-16,3,35.43,Tradiçao Hipermercados,"Av. Inês de Castro, 414",Sao Paulo,SP,05634-030,58,13,30,0
10840,LINOD,4,1998-01-19,1998-03-02,2,2.71,LINO-Delicateses,Ave. 5 de Mayo Porlamar,I. de Margarita,Nueva Esparta,4980,25,14,6,0
10841,SUPRD,5,1998-01-20,1998-02-17,2,424.3,Suprêmes délices,"Boulevard Tirou, 255",Charleroi,nan,B-6000,10,31,16,0
10842,TORTU,1,1998-01-20,1998-02-17,3,54.42,Tortuga Restaurante,Avda. Azteca 123,México D.F.,nan,05033,11,21,15,0
10843,VICTE,4,1998-01-21,1998-02-18,2,9.26,Victuailles en stock,"2, rue du Commerce",Lyon,nan,69004,51,53,4,0
10844,PICCO,8,1998-01-21,1998-02-18,2,25.22,Piccolo und mehr,Geislweg 14,Salzburg,nan,5020,22,21,35,0
10845,QUICK,8,1998-01-21,1998-02-04,1,212.98,QUICK-Stop,Taucherstraße 10,Cunewalde,nan,01307,23,9,70,0
10846,SUPRD,2,1998-01-22,1998-03-05,3,56.46,Suprêmes délices,"Boulevard Tirou, 255",Charleroi,nan,B-6000,4,22,21,0
10847,SAVEA,4,1998-01-22,1998-02-05,3,487.57,Save-a-lot Markets,187 Suffolk Ln.,Boise,ID,83720,1,18,80,0
10848,CONSH,7,1998-01-23,1998-02-20,2,38.24,Consolidated Holdings,Berkeley Gardens 12  Brewery,London,nan,WX1 6LT,5,21,30,0
10849,KOENE,9,1998-01-23,1998-02-20,2,0.56,Königlich Essen,Maubelstr. 90,Brandenburg,nan,14776,3,10,49,0
10850,VICTE,1,1998-01-23,1998-03-06,1,49.19,Victuailles en stock,"2, rue du Commerce",Lyon,nan,69004,25,14,20,0
10851,RICAR,5,1998-01-26,1998-02-23,1,160.55,Ricardo Adocicados,"Av. Copacabana, 267",Rio de Janeiro,RJ,02389-890,2,19,5,0
10852,RATTC,8,1998-01-26,1998-02-09,1,174.05,Rattlesnake Canyon Grocery,2817 Milton Dr.,Albuquerque,NM,87110,2,19,15,0
10853,BLAUS,9,1998-01-27,1998-02-24,2,53.83,Blauer See Delikatessen,Forsterstr. 57,Mannheim,nan,68306,18,62,10,0
10854,ERNSH,3,1998-01-27,1998-02-24,2,100.22,Ernst Handel,Kirchgasse 6,Graz,nan,8010,10,31,100,0
10855,OLDWO,3,1998-01-27,1998-02-24,1,170.97,Old World Delicatessen,2743 Bering St.,Anchorage,AK,99508,16,17,50,0
10856,ANTON,3,1998-01-28,1998-02-25,2,58.43,Antonio Moreno Taquería,Mataderos  2312,México D.F.,nan,05023,2,19,20,0
10857,BERGS,8,1998-01-28,1998-02-25,2,188.85,Berglunds snabbköp,Berguvsvägen  8,Luleå,nan,S-958 22,3,10,30,0
10859,FRANK,1,1998-01-29,1998-02-26,2,76.1,Frankenversand,Berliner Platz 43,München,nan,80805,24,4,40,0
10860,FRANR,3,1998-01-29,1998-02-26,3,19.26,France restauration,"54, rue Royale",Nantes,nan,44000,51,53,3,0
10861,WHITC,4,1998-01-30,1998-02-27,2,14.93,White Clover Markets,1029 - 12th Ave. S.,Seattle,WA,98124,17,39,42,0
10862,LEHMS,8,1998-01-30,1998-03-13,2,53.23,Lehmanns Marktstand,Magazinweg 7,Frankfurt a.M.,nan,60528,11,21,25,0
10863,HILAA,4,1998-02-02,1998-03-02,2,30.26,HILARION-Abastos,Carrera 22 con Ave. Carlos Soublette #8-35,San Cristóbal,Táchira,5022,1,18,20,0
10864,AROUT,4,1998-02-02,1998-03-02,2,3.04,Around the Horn,Brook Farm Stratford St. Mary,Colchester,Essex,CO7 6JX,35,18,4,0
10865,QUICK,2,1998-02-02,1998-02-16,1,348.14,QUICK-Stop,Taucherstraße 10,Cunewalde,nan,01307,38,263,60,0
10866,BERGS,5,1998-02-03,1998-03-03,1,109.11,Berglunds snabbköp,Berguvsvägen  8,Luleå,nan,S-958 22,2,19,21,0
10867,LONEP,6,1998-02-03,1998-03-17,1,1.93,Lonesome Pine Restaurant,89 Chiaroscuro Rd.,Portland,OR,97219,53,32,3,0
10868,QUEEN,7,1998-02-04,1998-03-04,2,191.27,Queen Cozinha,"Alameda dos Canàrios, 891",Sao Paulo,SP,05487-020,26,31,20,0
10869,SEVES,5,1998-02-04,1998-03-04,1,143.28,Seven Seas Imports,90 Wadhurst Rd.,London,nan,OX15 4NB,1,18,40,0
10870,WOLZA,5,1998-02-04,1998-03-04,3,12.04,Wolski Zajazd,ul. Filtrowa 68,Warszawa,nan,01-012,35,18,3,0
10872,GODOS,5,1998-02-05,1998-03-05,2,175.32,Godos Cocina Típica,"C/ Romero, 33",Sevilla,nan,41101,55,24,10,0
10873,WILMK,4,1998-02-06,1998-03-06,1,0.82,Wilman Kala,Keskuskatu 45,Helsinki,nan,21240,21,10,20,0
10874,GODOS,5,1998-02-06,1998-03-06,2,19.58,Godos Cocina Típica,"C/ Romero, 33",Sevilla,nan,41101,10,31,10,0
10875,BERGS,4,1998-02-06,1998-03-06,2,32.37,Berglunds snabbköp,Berguvsvägen  8,Luleå,nan,S-958 22,19,9,25,0
10877,RICAR,1,1998-02-09,1998-03-09,1,38.06,Ricardo Adocicados,"Av. Copacabana, 267",Rio de Janeiro,RJ,02389-890,16,17,30,0
10878,QUICK,4,1998-02-10,1998-03-10,1,46.69,QUICK-Stop,Taucherstraße 10,Cunewalde,nan,01307,20,81,20,0
10879,WILMK,3,1998-02-10,1998-03-10,3,8.5,Wilman Kala,Keskuskatu 45,Helsinki,nan,21240,40,18,12,0
10880,FOLKO,7,1998-02-10,1998-03-24,1,88.01,Folk och fä HB,Åkergatan 24,Bräcke,nan,S-844 67,23,9,30,0
10881,CACTU,4,1998-02-11,1998-03-11,1,2.84,Cactus Comidas para llevar,Cerrito 333,Buenos Aires,nan,1010,73,15,10,0
10882,SAVEA,4,1998-02-11,1998-03-11,3,23.1,Save-a-lot Markets,187 Suffolk Ln.,Boise,ID,83720,42,14,25,0
10883,LONEP,8,1998-02-12,1998-03-12,3,0.53,Lonesome Pine Restaurant,89 Chiaroscuro Rd.,Portland,OR,97219,24,4,8,0
10885,SUPRD,6,1998-02-12,1998-03-12,3,5.64,Suprêmes délices,"Boulevard Tirou, 255",Charleroi,nan,B-6000,2,19,20,0
10886,HANAR,1,1998-02-13,1998-03-13,1,4.99,Hanari Carnes,"Rua do Paço, 67",Rio de Janeiro,RJ,05454-876,10,31,70,0
10887,GALED,8,1998-02-13,1998-03-13,3,1.25,Galería del gastronómo,"Rambla de Cataluña, 23",Barcelona,nan,8022,25,14,5,0
10888,GODOS,1,1998-02-16,1998-03-16,2,51.87,Godos Cocina Típica,"C/ Romero, 33",Sevilla,nan,41101,2,19,20,0
10889,RATTC,9,1998-02-16,1998-03-16,3,280.61,Rattlesnake Canyon Grocery,2817 Milton Dr.,Albuquerque,NM,87110,11,21,40,0
10890,DUMON,7,1998-02-16,1998-03-16,1,32.76,Du monde entier,"67, rue des Cinquante Otages",Nantes,nan,44000,17,39,15,0
10891,LEHMS,7,1998-02-17,1998-03-17,2,20.37,Lehmanns Marktstand,Magazinweg 7,Frankfurt a.M.,nan,60528,30,25,15,0
10892,MAISD,4,1998-02-17,1998-03-17,2,120.27,Maison Dewey,Rue Joseph-Bens 532,Bruxelles,nan,B-1180,59,55,40,0
10893,KOENE,9,1998-02-18,1998-03-18,2,77.78,Königlich Essen,Maubelstr. 90,Brandenburg,nan,14776,8,40,30,0
10894,SAVEA,1,1998-02-18,1998-03-18,1,116.13,Save-a-lot Markets,187 Suffolk Ln.,Boise,ID,83720,13,6,28,0
10895,ERNSH,3,1998-02-18,1998-03-18,1,162.75,Ernst Handel,Kirchgasse 6,Graz,nan,8010,24,4,110,0
10896,MAISD,7,1998-02-19,1998-03-19,3,32.45,Maison Dewey,Rue Joseph-Bens 532,Bruxelles,nan,B-1180,45,9,15,0
10897,HUNGO,3,1998-02-19,1998-03-19,2,603.54,Hungry Owl All-Night Grocers,8 Johnstown Road,Cork,Co. Cork,nan,29,123,80,0
10898,OCEAN,4,1998-02-20,1998-03-20,2,1.27,Océano Atlántico Ltda.,Ing. Gustavo Moncada 8585 Piso 20-A,Buenos Aires,nan,1010,13,6,5,0
10899,LILAS,5,1998-02-20,1998-03-20,3,1.21,LILA-Supermercado,Carrera 52 con Ave. Bolívar #65-98 Llano Largo,Barquisimeto,Lara,3508,39,18,8,0
10900,WELLI,1,1998-02-20,1998-03-20,2,1.66,Wellington Importadora,"Rua do Mercado, 12",Resende,SP,08737-363,70,15,3,0
10901,HILAA,4,1998-02-23,1998-03-23,1,62.09,HILARION-Abastos,Carrera 22 con Ave. Carlos Soublette #8-35,San Cristóbal,Táchira,5022,41,9,30,0
10902,FOLKO,1,1998-02-23,1998-03-23,1,44.15,Folk och fä HB,Åkergatan 24,Bräcke,nan,S-844 67,55,24,30,0
10903,HANAR,3,1998-02-24,1998-03-24,3,36.71,Hanari Carnes,"Rua do Paço, 67",Rio de Janeiro,RJ,05454-876,13,6,40,0
10904,WHITC,3,1998-02-24,1998-03-24,3,162.95,White Clover Markets,1029 - 12th Ave. S.,Seattle,WA,98124,58,13,15,0
10905,WELLI,9,1998-02-24,1998-03-24,2,13.72,Wellington Importadora,"Rua do Mercado, 12",Resende,SP,08737-363,1,18,20,0
10906,WOLZA,4,1998-02-25,1998-03-11,3,26.29,Wolski Zajazd,ul. Filtrowa 68,Warszawa,nan,01-012,61,28,15,0
10907,SPECD,6,1998-02-25,1998-03-25,3,9.19,Spécialités du monde,"25, rue Lauriston",Paris,nan,75016,75,7,14,0
10908,REGGC,4,1998-02-26,1998-03-26,2,32.96,Reggiani Caseifici,Strada Provinciale 124,Reggio Emilia,nan,42100,7,30,20,0
10909,SANTG,1,1998-02-26,1998-03-26,2,53.05,Santé Gourmet,Erling Skakkes gate 78,Stavern,nan,4110,7,30,12,0
10910,WILMK,1,1998-02-26,1998-03-26,3,38.11,Wilman Kala,Keskuskatu 45,Helsinki,nan,21240,19,9,12,0
10911,GODOS,3,1998-02-26,1998-03-26,1,38.19,Godos Cocina Típica,"C/ Romero, 33",Sevilla,nan,41101,1,18,10,0
10912,HUNGO,2,1998-02-26,1998-03-26,2,580.91,Hungry Owl All-Night Grocers,8 Johnstown Road,Cork,Co. Cork,nan,11,21,40,0
10913,QUEEN,4,1998-02-26,1998-03-26,1,33.05,Queen Cozinha,"Alameda dos Canàrios, 891",Sao Paulo,SP,05487-020,4,22,30,0
10914,QUEEN,6,1998-02-27,1998-03-27,1,21.19,Queen Cozinha,"Alameda dos Canàrios, 891",Sao Paulo,SP,05487-020,71,21,25,0
10915,TORTU,2,1998-02-27,1998-03-27,2,3.51,Tortuga Restaurante,Avda. Azteca 123,México D.F.,nan,05033,17,39,10,0
10916,RANCH,1,1998-02-27,1998-03-27,2,63.77,Rancho grande,Av. del Libertador 900,Buenos Aires,nan,1010,16,17,6,0
10917,ROMEY,4,1998-03-02,1998-03-30,2,8.29,Romero y tomillo,"Gran Vía, 1",Madrid,nan,28001,30,25,1,0
10918,BOTTM,3,1998-03-02,1998-03-30,3,48.83,Bottom-Dollar Markets,23 Tsawassen Blvd.,Tsawassen,BC,T2F 8M4,1,18,60,0
10919,LINOD,2,1998-03-02,1998-03-30,2,19.8,LINO-Delicateses,Ave. 5 de Mayo Porlamar,I. de Margarita,Nueva Esparta,4980,16,17,24,0
10920,AROUT,4,1998-03-03,1998-03-31,2,29.61,Around the Horn,Brook Farm Stratford St. Mary,Colchester,Essex,CO7 6JX,50,16,24,0
10921,VAFFE,1,1998-03-03,1998-04-14,1,176.48,Vaffeljernet,Smagsloget 45,Århus,nan,8200,35,18,10,0
10922,HANAR,5,1998-03-03,1998-03-31,3,62.74,Hanari Carnes,"Rua do Paço, 67",Rio de Janeiro,RJ,05454-876,17,39,15,0
10924,BERGS,3,1998-03-04,1998-04-01,2,151.52,Berglunds snabbköp,Berguvsvägen  8,Luleå,nan,S-958 22,10,31,20,0
10925,HANAR,3,1998-03-04,1998-04-01,1,2.27,Hanari Carnes,"Rua do Paço, 67",Rio de Janeiro,RJ,05454-876,36,19,25,0
10926,ANATR,4,1998-03-04,1998-04-01,3,39.92,Ana Trujillo Emparedados y helados,Avda. de la Constitución 2222,México D.F.,nan,05021,11,21,2,0
10928,GALED,1,1998-03-05,1998-04-02,1,1.36,Galería del gastronómo,"Rambla de Cataluña, 23",Barcelona,nan,8022,47,9,5,0
10929,FRANK,6,1998-03-05,1998-04-02,1,33.93,Frankenversand,Berliner Platz 43,München,nan,80805,21,10,60,0
10930,SUPRD,4,1998-03-06,1998-04-17,3,15.55,Suprêmes délices,"Boulevard Tirou, 255",Charleroi,nan,B-6000,21,10,36,0
10931,RICSU,4,1998-03-06,1998-03-20,2,13.6,Richter Supermarkt,Starenweg 5,Genève,nan,1204,13,6,42,0
10933,ISLAT,6,1998-03-06,1998-04-03,3,54.15,Island Trading,Garden House Crowther Way,Cowes,Isle of Wight,PO31 7PJ,53,32,2,0
10934,LEHMS,3,1998-03-09,1998-04-06,3,32.01,Lehmanns Marktstand,Magazinweg 7,Frankfurt a.M.,nan,60528,6,25,20,0
10935,WELLI,4,1998-03-09,1998-04-06,3,47.59,Wellington Importadora,"Rua do Mercado, 12",Resende,SP,08737-363,1,18,21,0
10936,GREAL,3,1998-03-09,1998-04-06,2,33.68,Great Lakes Food Market,2732 Baker Blvd.,Eugene,OR,97403,36,19,30,0
10937,CACTU,7,1998-03-10,1998-03-24,3,31.51,Cactus Comidas para llevar,Cerrito 333,Buenos Aires,nan,1010,28,45,8,0
10938,QUICK,3,1998-03-10,1998-04-07,2,31.89,QUICK-Stop,Taucherstraße 10,Cunewalde,nan,01307,13,6,20,0
10939,MAGAA,2,1998-03-10,1998-04-07,2,76.33,Magazzini Alimentari Riuniti,Via Ludovico il Moro 22,Bergamo,nan,24100,2,19,10,0
10941,SAVEA,7,1998-03-11,1998-04-08,2,400.81,Save-a-lot Markets,187 Suffolk Ln.,Boise,ID,83720,31,12,44,0
10942,REGGC,9,1998-03-11,1998-04-08,3,17.95,Reggiani Caseifici,Strada Provinciale 124,Reggio Emilia,nan,42100,49,20,28,0
10944,BOTTM,6,1998-03-12,1998-03-26,3,52.92,Bottom-Dollar Markets,23 Tsawassen Blvd.,Tsawassen,BC,T2F 8M4,11,21,5,0
10945,MORGK,4,1998-03-12,1998-04-09,1,10.22,Morgenstern Gesundkost,Heerstr. 22,Leipzig,nan,04179,13,6,20,0
10946,VAFFE,1,1998-03-12,1998-04-09,2,27.2,Vaffeljernet,Smagsloget 45,Århus,nan,8200,10,31,25,0
10948,GODOS,3,1998-03-13,1998-04-10,3,23.39,Godos Cocina Típica,"C/ Romero, 33",Sevilla,nan,41101,50,16,9,0
10949,BOTTM,2,1998-03-13,1998-04-10,3,74.44,Bottom-Dollar Markets,23 Tsawassen Blvd.,Tsawassen,BC,T2F 8M4,6,25,12,0
10950,MAGAA,1,1998-03-16,1998-04-13,2,2.5,Magazzini Alimentari Riuniti,Via Ludovico il Moro 22,Bergamo,nan,24100,4,22,5,0
10951,RICSU,9,1998-03-16,1998-04-27,2,30.85,Richter Supermarkt,Starenweg 5,Genève,nan,1204,33,2,15,0
10953,AROUT,9,1998-03-16,1998-03-30,2,23.72,Around the Horn,Brook Farm Stratford St. Mary,Colchester,Essex,CO7 6JX,20,81,50,0
10954,LINOD,5,1998-03-17,1998-04-28,1,27.91,LINO-Delicateses,Ave. 5 de Mayo Porlamar,I. de Margarita,Nueva Esparta,4980,16,17,28,0
10955,FOLKO,8,1998-03-17,1998-04-14,2,3.26,Folk och fä HB,Åkergatan 24,Bräcke,nan,S-844 67,75,7,12,0
10956,BLAUS,6,1998-03-17,1998-04-28,2,44.65,Blauer See Delikatessen,Forsterstr. 57,Mannheim,nan,68306,21,10,12,0
10957,HILAA,8,1998-03-18,1998-04-15,3,105.36,HILARION-Abastos,Carrera 22 con Ave. Carlos Soublette #8-35,San Cristóbal,Táchira,5022,30,25,30,0
10958,OCEAN,7,1998-03-18,1998-04-15,2,49.56,Océano Atlántico Ltda.,Ing. Gustavo Moncada 8585 Piso 20-A,Buenos Aires,nan,1010,5,21,20,0
10959,GOURL,6,1998-03-18,1998-04-29,2,4.98,Gourmet Lanchonetes,"Av. Brasil, 442",Campinas,SP,04876-786,75,7,20,0
10960,HILAA,3,1998-03-19,1998-04-02,1,2.08,HILARION-Abastos,Carrera 22 con Ave. Carlos Soublette #8-35,San Cristóbal,Táchira,5022,24,4,10,0
10961,QUEEN,8,1998-03-19,1998-04-16,1,104.47,Queen Cozinha,"Alameda dos Canàrios, 891",Sao Paulo,SP,05487-020,52,7,6,0
10962,QUICK,8,1998-03-19,1998-04-16,2,275.79,QUICK-Stop,Taucherstraße 10,Cunewalde,nan,01307,7,30,45,0
10963,FURIB,9,1998-03-19,1998-04-16,3,2.7,Furia Bacalhau e Frutos do Mar,Jardim das rosas n. 32,Lisboa,nan,1675,60,34,2,0
10964,SPECD,3,1998-03-20,1998-04-17,2,87.38,Spécialités du monde,"25, rue Lauriston",Paris,nan,75016,18,62,6,0
10965,OLDWO,6,1998-03-20,1998-04-17,3,144.38,Old World Delicatessen,2743 Bering St.,Anchorage,AK,99508,51,53,16,0
10966,CHOPS,4,1998-03-20,1998-04-17,1,27.19,Chop-suey Chinese,Hauptstr. 31,Bern,nan,3012,37,26,8,0
10967,TOMSP,2,1998-03-23,1998-04-20,2,62.22,Toms Spezialitäten,Luisenstr. 48,Münster,nan,44087,19,9,12,0
10968,ERNSH,1,1998-03-23,1998-04-20,3,74.6,Ernst Handel,Kirchgasse 6,Graz,nan,8010,12,38,30,0
10969,COMMI,1,1998-03-23,1998-04-20,2,0.21,Comércio Mineiro,"Av. dos Lusíadas, 23",Sao Paulo,SP,05432-043,46,12,9,0
10970,BOLID,9,1998-03-24,1998-04-07,1,16.16,Bólido Comidas preparadas,"C/ Araquil, 67",Madrid,nan,28023,52,7,40,0
10971,FRANR,2,1998-03-24,1998-04-21,2,121.82,France restauration,"54, rue Royale",Nantes,nan,44000,29,123,14,0
10974,SPLIR,3,1998-03-25,1998-04-08,3,12.96,Split Rail Beer & Ale,P.O. Box 555,Lander,WY,82520,63,43,10,0
10975,BOTTM,1,1998-03-25,1998-04-22,3,32.27,Bottom-Dollar Markets,23 Tsawassen Blvd.,Tsawassen,BC,T2F 8M4,8,40,16,0
10976,HILAA,1,1998-03-25,1998-05-06,1,37.97,HILARION-Abastos,Carrera 22 con Ave. Carlos Soublette #8-35,San Cristóbal,Táchira,5022,28,45,20,0
10977,FOLKO,8,1998-03-26,1998-04-23,3,208.5,Folk och fä HB,Åkergatan 24,Bräcke,nan,S-844 67,39,18,30,0
10978,MAISD,9,1998-03-26,1998-04-23,2,32.82,Maison Dewey,Rue Joseph-Bens 532,Bruxelles,nan,B-1180,8,40,20,0
10979,ERNSH,8,1998-03-26,1998-04-23,2,353.07,Ernst Handel,Kirchgasse 6,Graz,nan,8010,7,30,18,0
10980,FOLKO,4,1998-03-27,1998-05-08,1,1.26,Folk och fä HB,Åkergatan 24,Bräcke,nan,S-844 67,75,7,40,0
10981,HANAR,1,1998-03-27,1998-04-24,2,193.37,Hanari Carnes,"Rua do Paço, 67",Rio de Janeiro,RJ,05454-876,38,263,60,0
10982,BOTTM,2,1998-03-27,1998-04-24,1,14.01,Bottom-Dollar Markets,23 Tsawassen Blvd.,Tsawassen,BC,T2F 8M4,7,30,20,0
10983,SAVEA,2,1998-03-27,1998-04-24,2,657.54,Save-a-lot Markets,187 Suffolk Ln.,Boise,ID,83720,13,6,84,0
10984,SAVEA,1,1998-03-30,1998-04-27,3,211.22,Save-a-lot Markets,187 Suffolk Ln.,Boise,ID,83720,16,17,55,0
10985,HUNGO,2,1998-03-30,1998-04-27,1,91.51,Hungry Owl All-Night Grocers,8 Johnstown Road,Cork,Co. Cork,nan,16,17,36,0
10986,OCEAN,8,1998-03-30,1998-04-27,2,217.86,Océano Atlántico Ltda.,Ing. Gustavo Moncada 8585 Piso 20-A,Buenos Aires,nan,1010,11,21,30,0
10987,EASTC,8,1998-03-31,1998-04-28,1,185.48,Eastern Connection,35 King George,London,nan,WX3 6FW,7,30,60,0
10988,RATTC,3,1998-03-31,1998-04-28,2,61.14,Rattlesnake Canyon Grocery,2817 Milton Dr.,Albuquerque,NM,87110,7,30,60,0
10989,QUEDE,2,1998-03-31,1998-04-28,1,34.76,Que Delícia,"Rua da Panificadora, 12",Rio de Janeiro,RJ,02389-673,6,25,40,0
10990,ERNSH,2,1998-04-01,1998-05-13,3,117.61,Ernst Handel,Kirchgasse 6,Graz,nan,8010,21,10,65,0
10991,QUICK,1,1998-04-01,1998-04-29,1,38.51,QUICK-Stop,Taucherstraße 10,Cunewalde,nan,01307,2,19,50,0
10992,THEBI,1,1998-04-01,1998-04-29,3,4.27,The Big Cheese,89 Jefferson Way Suite 2,Portland,OR,97201,72,34,2,0
10993,FOLKO,7,1998-04-01,1998-04-29,3,8.81,Folk och fä HB,Åkergatan 24,Bräcke,nan,S-844 67,29,123,50,0
10994,VAFFE,2,1998-04-02,1998-04-16,3,65.53,Vaffeljernet,Smagsloget 45,Århus,nan,8200,59,55,18,0
10995,PERIC,1,1998-04-02,1998-04-30,3,46.0,Pericles Comidas clásicas,Calle Dr. Jorge Cash 321,México D.F.,nan,05033,51,53,20,0
10996,QUICK,4,1998-04-02,1998-04-30,2,1.12,QUICK-Stop,Taucherstraße 10,Cunewalde,nan,01307,42,14,40,0
10997,LILAS,8,1998-04-03,1998-05-15,2,73.91,LILA-Supermercado,Carrera 52 con Ave. Bolívar #65-98 Llano Largo,Barquisimeto,Lara,3508,32,32,50,0
10998,WOLZA,8,1998-04-03,1998-04-17,2,20.31,Wolski Zajazd,ul. Filtrowa 68,Warszawa,nan,01-012,24,4,12,0
10999,OTTIK,6,1998-04-03,1998-05-01,2,96.35,Ottilies Käseladen,Mehrheimerstr. 369,Köln,nan,50739,41,9,20,0
11000,RATTC,2,1998-04-06,1998-05-04,3,55.12,Rattlesnake Canyon Grocery,2817 Milton Dr.,Albuquerque,NM,87110,4,22,25,0
11001,FOLKO,2,1998-04-06,1998-05-04,2,197.3,Folk och fä HB,Åkergatan 24,Bräcke,nan,S-844 67,7,30,60,0
11002,SAVEA,4,1998-04-06,1998-05-04,1,141.16,Save-a-lot Markets,187 Suffolk Ln.,Boise,ID,83720,13,6,56,0
11003,THECR,3,1998-04-06,1998-05-04,3,14.91,The Cracker Box,55 Grizzly Peak Rd.,Butte,MT,59801,1,18,4,0
11004,MAISD,3,1998-04-07,1998-05-05,1,44.84,Maison Dewey,Rue Joseph-Bens 532,Bruxelles,nan,B-1180,26,31,6,0
11005,WILMK,2,1998-04-07,1998-05-05,1,0.75,Wilman Kala,Keskuskatu 45,Helsinki,nan,21240,1,18,2,0
11006,GREAL,3,1998-04-07,1998-05-05,2,25.19,Great Lakes Food Market,2732 Baker Blvd.,Eugene,OR,97403,1,18,8,0
11007,PRINI,8,1998-04-08,1998-05-06,2,202.24,Princesa Isabel Vinhos,Estrada da saúde n. 58,Lisboa,nan,1756,8,40,30,0
11008,ERNSH,7,1998-04-08,1998-05-06,3,79.46,Ernst Handel,Kirchgasse 6,Graz,nan,8010,28,45,70,0
11009,GODOS,2,1998-04-08,1998-05-06,1,59.11,Godos Cocina Típica,"C/ Romero, 33",Sevilla,nan,41101,24,4,12,0
11010,REGGC,2,1998-04-09,1998-05-07,2,28.71,Reggiani Caseifici,Strada Provinciale 124,Reggio Emilia,nan,42100,7,30,20,0
11012,FRANK,1,1998-04-09,1998-04-23,3,242.95,Frankenversand,Berliner Platz 43,München,nan,80805,19,9,50,0
11013,ROMEY,2,1998-04-09,1998-05-07,1,32.99,Romero y tomillo,"Gran Vía, 1",Madrid,nan,28001,23,9,10,0
11014,LINOD,2,1998-04-10,1998-05-08,3,23.6,LINO-Delicateses,Ave. 5 de Mayo Porlamar,I. de Margarita,Nueva Esparta,4980,41,9,28,0
11015,SANTG,2,1998-04-10,1998-04-24,2,4.62,Santé Gourmet,Erling Skakkes gate 78,Stavern,nan,4110,30,25,15,0
11016,AROUT,9,1998-04-10,1998-05-08,2,33.8,Around the Horn,Brook Farm Stratford St. Mary,Colchester,Essex,CO7 6JX,31,12,15,0
11017,ERNSH,9,1998-04-13,1998-05-11,2,754.26,Ernst Handel,Kirchgasse 6,Graz,nan,8010,3,10,25,0
11018,LONEP,4,1998-04-13,1998-05-11,2,11.65,Lonesome Pine Restaurant,89 Chiaroscuro Rd.,Portland,OR,97219,12,38,20,0
11019,RANCH,6,1998-04-13,1998-05-11,3,3.17,Rancho grande,Av. del Libertador 900,Buenos Aires,nan,1010,46,12,3,0
11020,OTTIK,2,1998-04-14,1998-05-12,2,43.3,Ottilies Käseladen,Mehrheimerstr. 369,Köln,nan,50739,10,31,24,0
11021,QUICK,3,1998-04-14,1998-05-12,1,297.18,QUICK-Stop,Taucherstraße 10,Cunewalde,nan,01307,2,19,11,0
11022,HANAR,9,1998-04-14,1998-05-12,2,6.27,Hanari Carnes,"Rua do Paço, 67",Rio de Janeiro,RJ,05454-876,19,9,35,0
11024,EASTC,4,1998-04-15,1998-05-13,1,74.36,Eastern Connection,35 King George,London,nan,WX3 6FW,26,31,12,0
11025,WARTH,6,1998-04-15,1998-05-13,3,29.17,Wartian Herkku,Torikatu 38,Oulu,nan,90110,1,18,10,0
11026,FRANS,4,1998-04-15,1998-05-13,1,47.09,Franchi S.p.A.,Via Monte Bianco 34,Torino,nan,10100,18,62,8,0
11027,BOTTM,1,1998-04-16,1998-05-14,1,52.52,Bottom-Dollar Markets,23 Tsawassen Blvd.,Tsawassen,BC,T2F 8M4,24,4,30,0
11028,KOENE,2,1998-04-16,1998-05-14,1,29.59,Königlich Essen,Maubelstr. 90,Brandenburg,nan,14776,55,24,35,0
11029,CHOPS,4,1998-04-16,1998-05-14,1,47.84,Chop-suey Chinese,Hauptstr. 31,Bern,nan,3012,56,38,20,0
11030,SAVEA,7,1998-04-17,1998-05-15,2,830.75,Save-a-lot Markets,187 Suffolk Ln.,Boise,ID,83720,2,19,100,0
11031,SAVEA,6,1998-04-17,1998-05-15,2,227.22,Save-a-lot Markets,187 Suffolk Ln.,Boise,ID,83720,1,18,45,0
11032,WHITC,2,1998-04-17,1998-05-15,3,606.19,White Clover Markets,1029 - 12th Ave. S.,Seattle,WA,98124,36,19,35,0
11033,RICSU,7,1998-04-17,1998-05-15,3,84.74,Richter Supermarkt,Starenweg 5,Genève,nan,1204,53,32,70,0
11034,OLDWO,8,1998-04-20,1998-06-01,1,40.32,Old World Delicatessen,2743 Bering St.,Anchorage,AK,99508,21,10,15,0
11035,SUPRD,2,1998-04-20,1998-05-18,2,0.17,Suprêmes délices,"Boulevard Tirou, 255",Charleroi,nan,B-6000,1,18,10,0
11036,DRACD,8,1998-04-20,1998-05-18,3,149.47,Drachenblut Delikatessen,Walserweg 21,Aachen,nan,52066,13,6,7,0
11037,GODOS,7,1998-04-21,1998-05-19,1,3.2,Godos Cocina Típica,"C/ Romero, 33",Sevilla,nan,41101,70,15,4,0
11038,SUPRD,1,1998-04-21,1998-05-19,2,29.59,Suprêmes délices,"Boulevard Tirou, 255",Charleroi,nan,B-6000,40,18,5,0
11039,LINOD,1,1998-04-21,1998-05-19,2,65.0,LINO-Delicateses,Ave. 5 de Mayo Porlamar,I. de Margarita,Nueva Esparta,4980,28,45,20,0
11040,GREAL,4,1998-04-22,1998-05-20,3,18.84,Great Lakes Food Market,2732 Baker Blvd.,Eugene,OR,97403,21,10,20,0
11041,CHOPS,3,1998-04-22,1998-05-20,2,48.22,Chop-suey Chinese,Hauptstr. 31,Bern,nan,3012,2,19,30,0
11042,COMMI,2,1998-04-22,1998-05-06,1,29.99,Comércio Mineiro,"Av. dos Lusíadas, 23",Sao Paulo,SP,05432-043,44,19,15,0
11043,SPECD,5,1998-04-22,1998-05-20,2,8.8,Spécialités du monde,"25, rue Lauriston",Paris,nan,75016,11,21,10,0
11044,WOLZA,4,1998-04-23,1998-05-21,1,8.72,Wolski Zajazd,ul. Filtrowa 68,Warszawa,nan,01-012,62,49,12,0
11045,BOTTM,6,1998-04-23,1998-05-21,2,70.58,Bottom-Dollar Markets,23 Tsawassen Blvd.,Tsawassen,BC,T2F 8M4,33,2,15,0
11046,WANDK,8,1998-04-23,1998-05-21,2,71.64,Die Wandernde Kuh,Adenauerallee 900,Stuttgart,nan,70563,12,38,20,0
11047,EASTC,7,1998-04-24,1998-05-22,3,46.62,Eastern Connection,35 King George,London,nan,WX3 6FW,1,18,25,0
11048,BOTTM,7,1998-04-24,1998-05-22,3,24.12,Bottom-Dollar Markets,23 Tsawassen Blvd.,Tsawassen,BC,T2F 8M4,68,12,42,0
11049,GOURL,3,1998-04-24,1998-05-22,1,8.34,Gourmet Lanchonetes,"Av. Brasil, 442",Campinas,SP,04876-786,2,19,10,0
11050,FOLKO,8,1998-04-27,1998-05-25,2,59.41,Folk och fä HB,Åkergatan 24,Bräcke,nan,S-844 67,76,18,50,0
11052,HANAR,3,1998-04-27,1998-05-25,1,67.26,Hanari Carnes,"Rua do Paço, 67",Rio de Janeiro,RJ,05454-876,43,46,30,0
11053,PICCO,2,1998-04-27,1998-05-25,2,53.05,Piccolo und mehr,Geislweg 14,Salzburg,nan,5020,18,62,35,0
11054,CACTU,8,1998-04-28,1998-05-26,1,0.33,Cactus Comidas para llevar,Cerrito 333,Buenos Aires,nan,1010,33,2,10,0
11055,HILAA,7,1998-04-28,1998-05-26,2,120.92,HILARION-Abastos,Carrera 22 con Ave. Carlos Soublette #8-35,San Cristóbal,Táchira,5022,24,4,15,0
11056,EASTC,8,1998-04-28,1998-05-12,2,278.96,Eastern Connection,35 King George,London,nan,WX3 6FW,7,30,40,0
11057,NORTS,3,1998-04-29,1998-05-27,3,4.13,North/South,South House 300 Queensbridge,London,nan,SW7 1RZ,70,15,3,0
11058,BLAUS,9,1998-04-29,1998-05-27,3,31.14,Blauer See Delikatessen,Forsterstr. 57,Mannheim,nan,68306,21,10,3,0
11059,RICAR,2,1998-04-29,1998-06-10,2,85.8,Ricardo Adocicados,"Av. Copacabana, 267",Rio de Janeiro,RJ,02389-890,13,6,30,0
11060,FRANS,2,1998-04-30,1998-05-28,2,10.98,Franchi S.p.A.,Via Monte Bianco 34,Torino,nan,10100,60,34,4,0
11061,GREAL,4,1998-04-30,1998-06-11,3,14.01,Great Lakes Food Market,2732 Baker Blvd.,Eugene,OR,97403,60,34,15,0
11062,REGGC,4,1998-04-30,1998-05-28,2,29.93,Reggiani Caseifici,Strada Provinciale 124,Reggio Emilia,nan,42100,53,32,10,0
11063,HUNGO,3,1998-04-30,1998-05-28,2,81.73,Hungry Owl All-Night Grocers,8 Johnstown Road,Cork,Co. Cork,nan,34,14,30,0
11064,SAVEA,1,1998-05-01,1998-05-29,1,30.09,Save-a-lot Markets,187 Suffolk Ln.,Boise,ID,83720,17,39,77,0
11065,LILAS,8,1998-05-01,1998-05-29,1,12.91,LILA-Supermercado,Carrera 52 con Ave. Bolívar #65-98 Llano Largo,Barquisimeto,Lara,3508,30,25,4,0
11066,WHITC,7,1998-05-01,1998-05-29,2,44.72,White Clover Markets,1029 - 12th Ave. S.,Seattle,WA,98124,16,17,3,0
11067,DRACD,1,1998-05-04,1998-05-18,2,7.98,Drachenblut Delikatessen,Walserweg 21,Aachen,nan,52066,41,9,9,0
11068,QUEEN,8,1998-05-04,1998-06-01,2,81.75,Queen Cozinha,"Alameda dos Canàrios, 891",Sao Paulo,SP,05487-020,28,45,8,0
11069,TORTU,1,1998-05-04,1998-06-01,2,15.67,Tortuga Restaurante,Avda. Azteca 123,México D.F.,nan,05033,39,18,20,0
11070,LEHMS,2,1998-05-05,1998-06-02,1,136.0,Lehmanns Marktstand,Magazinweg 7,Frankfurt a.M.,nan,60528,1,18,40,0
11071,LILAS,1,1998-05-05,1998-06-02,1,0.93,LILA-Supermercado,Carrera 52 con Ave. Bolívar #65-98 Llano Largo,Barquisimeto,Lara,3508,7,30,15,0
11072,ERNSH,4,1998-05-05,1998-06-02,2,258.64,Ernst Handel,Kirchgasse 6,Graz,nan,8010,2,19,8,0
11073,PERIC,2,1998-05-05,1998-06-02,2,24.95,Pericles Comidas clásicas,Calle Dr. Jorge Cash 321,México D.F.,nan,05033,11,21,10,0
11074,SIMOB,7,1998-05-06,1998-06-03,2,18.44,Simons bistro,Vinbæltet 34,Kobenhavn,nan,1734,16,17,14,0
11075,RICSU,8,1998-05-06,1998-06-03,2,6.19,Richter Supermarkt,Starenweg 5,Genève,nan,1204,2,19,10,0
11077,RATTC,1,1998-05-06,1998-06-03,2,8.53,Rattlesnake Canyon Grocery,2817 Milton Dr.,Albuquerque,NM,87110,2,19,24,0
